filename,plate.pos,arb.sort,sampID,sample.type,timepoint,date,time,extractplate,rnaprepplate,Unmapped,Multimapping,No Feature,Ambiguous Unstranded,Ambiguous Forward,plate_row,plate_col,Total Reads,Unmapped Over Mapped
A2450525897_n01_LICRNA01_A01,A01,1,LIC001,plant,t01,11/1/23,8:00,LIC_01,LICRNA_01,2633048.0,334817.0,112554.0,202285.0,22008.0,A,1,2248661.0,1.1709403951951851
A2450525897_n01_LICRNA01_B01,B01,2,LIC002,plant,t01,11/1/23,8:00,LIC_01,LICRNA_01,5074184.0,776239.0,226718.0,494847.0,49830.0,B,1,5984566.0,0.8478783590990558
A2450525897_n01_LICRNA01_C01,C01,3,LIC003,plant,t01,11/1/23,8:00,LIC_01,LICRNA_01,2283008.0,427910.0,97848.0,271449.0,28416.0,C,1,2936453.0,0.7774713233959474
A2450525897_n01_LICRNA01_D01,D01,4,LIC004,plant,t01,11/1/23,8:00,LIC_01,LICRNA_01,1263467.0,177674.0,49095.0,123691.0,13452.0,D,1,1359823.0,0.9291407778806506
A2450525897_n01_LICRNA01_E01,E01,5,LIC005,plant,t01,11/1/23,8:00,LIC_01,LICRNA_01,3004324.0,309156.0,135512.0,229101.0,26474.0,E,1,2680737.0,1.1207082231490817
A2450525897_n01_LICRNA01_F01,F01,6,LIC006,plant,t01,11/1/23,8:00,LIC_01,LICRNA_01,4577311.0,799822.0,113185.0,223211.0,25062.0,F,1,2483101.0,1.843384944873366
A2450525897_n01_LICRNA01_G01,G01,7,LIC007,plant,t01,11/1/23,8:00,LIC_01,LICRNA_01,1558637.0,214925.0,38268.0,93028.0,11009.0,G,1,988991.0,1.575987041338091
A2450525897_n01_LICRNA01_H01,H01,8,LIC008,plant,t01,11/1/23,8:00,LIC_01,LICRNA_01,5166151.0,639150.0,178636.0,364998.0,41517.0,H,1,4167119.0,1.2397416536460801
A2450525897_n01_LICRNA01_A02,A02,9,LIC013,plant,t02,11/7/23,8:00,LIC_01,LICRNA_01,1949300.0,268405.0,93820.0,171813.0,20291.0,A,2,1942508.0,1.003496510696481
A2450525897_n01_LICRNA01_B02,B02,10,LIC014,plant,t02,11/7/23,8:00,LIC_01,LICRNA_01,5558289.0,561130.0,378067.0,503201.0,56989.0,B,2,5479289.0,1.0144179290415234
A2450525897_n01_LICRNA01_C02,C02,11,LIC015,plant,t02,11/7/23,8:00,LIC_01,LICRNA_01,2901362.0,280631.0,91866.0,158256.0,19082.0,C,2,1648083.0,1.7604465309089408
A2450525897_n01_LICRNA01_D02,D02,12,LIC016,plant,t02,11/7/23,8:00,LIC_01,LICRNA_01,5147075.0,400598.0,146811.0,264494.0,27766.0,D,2,2692148.0,1.9118841163264426
A2450525897_n01_LICRNA01_E02,E02,13,LIC017,plant,t02,11/7/23,8:00,LIC_01,LICRNA_01,4498762.0,896386.0,394186.0,780866.0,79390.0,E,2,8122024.0,0.5538966641812435
A2450525897_n01_LICRNA01_F02,F02,14,LIC018,plant,t02,11/7/23,8:00,LIC_01,LICRNA_01,7244532.0,1462845.0,258247.0,569525.0,63147.0,F,2,6150794.0,1.177820619581797
A2450525897_n01_LICRNA01_G02,G02,15,LIC019,plant,t02,11/7/23,8:00,LIC_01,LICRNA_01,3886559.0,636243.0,204963.0,410838.0,45993.0,G,2,4309039.0,0.9019549370520898
A2450525897_n01_LICRNA01_H02,H02,16,LIC020,plant,t02,11/7/23,8:00,LIC_01,LICRNA_01,2712289.0,1222127.0,118255.0,270718.0,25923.0,H,2,2786297.0,0.973438581744875
A2450525897_n01_LICRNA01_A03,A03,17,LIC025,plant,t03,11/14/23,8:00,LIC_01,LICRNA_01,2288354.0,286307.0,114403.0,201126.0,22811.0,A,3,2167043.0,1.055979969017689
A2450525897_n01_LICRNA01_B03,B03,18,LIC026,plant,t03,11/14/23,8:00,LIC_01,LICRNA_01,11156787.0,1090482.0,496131.0,735765.0,91233.0,B,3,8305980.0,1.343223436608323
A2450525897_n01_LICRNA01_C03,C03,19,LIC027,plant,t03,11/14/23,8:00,LIC_01,LICRNA_01,3759413.0,372285.0,155564.0,311803.0,33460.0,C,3,3383804.0,1.1110019965695412
A2450525897_n01_LICRNA01_D03,D03,20,LIC028,plant,t03,11/14/23,8:00,LIC_01,LICRNA_01,4939895.0,439105.0,236869.0,445312.0,50329.0,D,3,4794182.0,1.0303937147150442
A2450525897_n01_LICRNA01_E03,E03,21,LIC029,plant,t03,11/14/23,8:00,LIC_01,LICRNA_01,2727574.0,237638.0,84709.0,191335.0,20046.0,E,3,2045401.0,1.333515530695448
A2450525897_n01_LICRNA01_F03,F03,22,LIC030,plant,t03,11/14/23,8:00,LIC_01,LICRNA_01,1573677.0,193245.0,34840.0,65954.0,6987.0,F,3,709805.0,2.217055388451758
A2450525897_n01_LICRNA01_G03,G03,23,LIC031,plant,t03,11/14/23,8:00,LIC_01,LICRNA_01,9494464.0,783063.0,337545.0,604898.0,74289.0,G,3,6622832.0,1.4335957789658562
A2450525897_n01_LICRNA01_H03,H03,24,LIC032,plant,t03,11/14/23,8:00,LIC_01,LICRNA_01,9002596.0,632071.0,270031.0,416397.0,51075.0,H,3,4554314.0,1.9767183378221176
A2450525897_n01_LICRNA01_A04,A04,25,LIC037,plant,t04,11/17/23,8:00,LIC_01,LICRNA_01,1834214.0,431465.0,143200.0,245946.0,28628.0,A,4,2680867.0,0.6841868693971017
A2450525897_n01_LICRNA01_B04,B04,26,LIC038,plant,t04,11/17/23,8:00,LIC_01,LICRNA_01,3026183.0,661424.0,244766.0,522374.0,53124.0,B,4,5560259.0,0.5442521652318714
A2450525897_n01_LICRNA01_C04,C04,27,LIC039,plant,t04,11/17/23,8:00,LIC_01,LICRNA_01,4683380.0,670714.0,256911.0,503835.0,58695.0,C,4,5317603.0,0.8807314122547321
A2450525897_n01_LICRNA01_D04,D04,28,LIC040,plant,t04,11/17/23,8:00,LIC_01,LICRNA_01,3464212.0,422425.0,173074.0,347858.0,40600.0,D,4,3753628.0,0.9228969945876363
A2450525897_n01_LICRNA01_E04,E04,29,LIC041,plant,t04,11/17/23,8:00,LIC_01,LICRNA_01,2517607.0,334480.0,36033.0,120737.0,12554.0,E,4,1238138.0,2.0333815778208892
A2450525897_n01_LICRNA01_F04,F04,30,LIC042,plant,t04,11/17/23,8:00,LIC_01,LICRNA_01,3844291.0,503206.0,83999.0,201894.0,22649.0,F,4,2181927.0,1.7618788346264564
A2450525897_n01_LICRNA01_G04,G04,31,LIC043,plant,t04,11/17/23,8:00,LIC_01,LICRNA_01,2241674.0,418302.0,98576.0,227474.0,26788.0,G,4,2426520.0,0.923822593673244
A2450525897_n01_LICRNA01_H04,H04,32,LIC044,plant,t04,11/17/23,8:00,LIC_01,LICRNA_01,4890090.0,770605.0,325768.0,528563.0,69064.0,H,4,5994912.0,0.8157067192979647
A2450525897_n01_LICRNA01_A05,A05,33,LIC049,plant,t05,11/21/23,8:00,LIC_01,LICRNA_01,1745314.0,439253.0,98638.0,190909.0,21221.0,A,5,2356898.0,0.7405131660343384
A2450525897_n01_LICRNA01_B05,B05,34,LIC050,plant,t05,11/21/23,8:00,LIC_01,LICRNA_01,1247492.0,302916.0,130149.0,222025.0,24907.0,B,5,2730883.0,0.4568090247733059
A2450525897_n01_LICRNA01_C05,C05,35,LIC051,plant,t05,11/21/23,8:00,LIC_01,LICRNA_01,1002663.0,221243.0,75035.0,176932.0,17870.0,C,5,2055935.0,0.48769197469764364
A2450525897_n01_LICRNA01_D05,D05,36,LIC052,plant,t05,11/21/23,8:00,LIC_01,LICRNA_01,2545919.0,280619.0,107738.0,220814.0,25588.0,D,5,2491475.0,1.0218521157145868
A2450525897_n01_LICRNA01_E05,E05,37,LIC053,plant,t05,11/21/23,8:00,LIC_01,LICRNA_01,2604790.0,366212.0,165105.0,347542.0,37671.0,E,5,4221105.0,0.6170872318978088
A2450525897_n01_LICRNA01_F05,F05,38,LIC054,plant,t05,11/21/23,8:00,LIC_01,LICRNA_01,2221325.0,288032.0,86585.0,189198.0,21680.0,F,5,2393750.0,0.9279686684073107
A2450525897_n01_LICRNA01_G05,G05,39,LIC055,plant,t05,11/21/23,8:00,LIC_01,LICRNA_01,1419548.0,141922.0,47573.0,90533.0,9162.0,G,5,1059642.0,1.339648673797377
A2450525897_n01_LICRNA01_H05,H05,40,LIC056,plant,t05,11/21/23,8:00,LIC_01,LICRNA_01,3916640.0,381828.0,194661.0,332215.0,41648.0,H,5,3945532.0,0.9926772866117928
A2450525897_n01_LICRNA01_A06,A06,41,LIC061,plant,t06,11/28/23,8:00,LIC_01,LICRNA_01,859626.0,79636.0,10328.0,14578.0,2186.0,A,6,170967.0,5.028022951797715
A2450525897_n01_LICRNA01_B06,B06,42,LIC062,plant,t06,11/28/23,8:00,LIC_01,LICRNA_01,5357625.0,756484.0,407232.0,671622.0,80542.0,B,6,7713952.0,0.6945369896001427
A2450525897_n01_LICRNA01_C06,C06,43,LIC063,plant,t06,11/28/23,8:00,LIC_01,LICRNA_01,2333942.0,415461.0,150843.0,311759.0,35906.0,C,6,3752417.0,0.6219836441418958
A2450525897_n01_LICRNA01_D06,D06,44,LIC064,plant,t06,11/28/23,8:00,LIC_01,LICRNA_01,6273459.0,584920.0,423938.0,640948.0,74703.0,D,6,7076203.0,0.8865572398078461
A2450525897_n01_LICRNA01_E06,E06,45,LIC065,plant,t06,11/28/23,8:00,LIC_01,LICRNA_01,5068855.0,456926.0,252283.0,424862.0,50397.0,E,6,4695827.0,1.079438190546628
A2450525897_n01_LICRNA01_F06,F06,46,LIC066,plant,t06,11/28/23,8:00,LIC_01,LICRNA_01,4579055.0,780856.0,331588.0,745568.0,79267.0,F,6,9046843.0,0.5061494932541661
A2450525897_n01_LICRNA01_G06,G06,47,LIC067,plant,t06,11/28/23,8:00,LIC_01,LICRNA_01,3141383.0,307853.0,163245.0,250490.0,30449.0,G,6,2806251.0,1.1194233872878798
A2450525897_n01_LICRNA01_H06,H06,48,LIC068,plant,t06,11/28/23,8:00,LIC_01,LICRNA_01,4328244.0,499905.0,321262.0,442619.0,51564.0,H,6,5075118.0,0.8528361311007941
A2450525897_n01_LICRNA01_A07,A07,49,LIC073,plant,t07,12/1/23,8:00,LIC_01,LICRNA_01,6634274.0,712372.0,248432.0,420309.0,47964.0,A,7,4668234.0,1.4211528385252326
A2450525897_n01_LICRNA01_B07,B07,50,LIC074,plant,t07,12/1/23,8:00,LIC_01,LICRNA_01,2614702.0,257876.0,109149.0,179923.0,21314.0,B,7,2024638.0,1.291441729336306
A2450525897_n01_LICRNA01_C07,C07,51,LIC075,plant,t07,12/1/23,8:00,LIC_01,LICRNA_01,8755597.0,732831.0,522801.0,767755.0,91144.0,C,7,8588710.0,1.0194309739180856
A2450525897_n01_LICRNA01_D07,D07,52,LIC076,plant,t07,12/1/23,8:00,LIC_01,LICRNA_01,6028091.0,522304.0,281095.0,447846.0,50473.0,D,7,4707820.0,1.2804421154589598
A2450525897_n01_LICRNA01_E07,E07,53,LIC077,plant,t07,12/1/23,8:00,LIC_01,LICRNA_01,6402875.0,472646.0,268753.0,441669.0,51698.0,E,7,4730073.0,1.353652470057016
A2450525897_n01_LICRNA01_F07,F07,54,LIC078,plant,t07,12/1/23,8:00,LIC_01,LICRNA_01,4607098.0,474188.0,255896.0,380439.0,46777.0,F,7,4264994.0,1.0802120706383174
A2450525897_n01_LICRNA01_G07,G07,55,LIC079,plant,t07,12/1/23,8:00,LIC_01,LICRNA_01,588213.0,52035.0,15616.0,23606.0,2749.0,G,7,260131.0,2.2612183861208393
A2450525897_n01_LICRNA01_H07,H07,56,LIC080,plant,t07,12/1/23,8:00,LIC_01,LICRNA_01,8255436.0,692294.0,340918.0,475718.0,62038.0,H,7,5230341.0,1.5783743354400794
A2450525897_n01_LICRNA01_A08,A08,57,LIC097,plant,t09,12/8/23,8:00,LIC_02,LICRNA_01,216804.0,13963.0,1003.0,1338.0,360.0,A,8,15681.0,13.82590396020662
A2450525897_n01_LICRNA01_B08,B08,58,LIC098,plant,t09,12/8/23,8:00,LIC_02,LICRNA_01,6974921.0,987290.0,455277.0,604867.0,77202.0,B,8,7490162.0,0.9312109671326201
A2450525897_n01_LICRNA01_C08,C08,59,LIC099,plant,t09,12/8/23,8:00,LIC_02,LICRNA_01,4807442.0,565051.0,350593.0,511622.0,64561.0,C,8,6028600.0,0.7974392064492586
A2450525897_n01_LICRNA01_D08,D08,60,LIC100,plant,t09,12/8/23,8:00,LIC_02,LICRNA_01,3962349.0,466779.0,282093.0,363291.0,46930.0,D,8,4091569.0,0.9684179834190747
A2450525897_n01_LICRNA01_E08,E08,61,LIC101,plant,t09,12/8/23,8:00,LIC_02,LICRNA_01,2881216.0,387832.0,202337.0,266247.0,33628.0,E,8,3060846.0,0.9413136106814913
A2450525897_n01_LICRNA01_F08,F08,62,LIC102,plant,t09,12/8/23,8:00,LIC_02,LICRNA_01,5416335.0,757801.0,361080.0,476060.0,62548.0,F,8,5478249.0,0.9886982136080342
A2450525897_n01_LICRNA01_G08,G08,63,LIC103,plant,t09,12/8/23,8:00,LIC_02,LICRNA_01,6046971.0,692787.0,353941.0,582575.0,73845.0,G,8,6947250.0,0.870412177480298
A2450525897_n01_LICRNA01_H08,H08,64,LIC104,plant,t09,12/8/23,8:00,LIC_02,LICRNA_01,6246236.0,620384.0,339289.0,451779.0,56131.0,H,8,5062165.0,1.2339060461284845
A2450525897_n01_LICRNA01_A09,A09,65,LIC109,plant,t10,12/12/23,8:00,LIC_02,LICRNA_01,1934779.0,326479.0,159783.0,248213.0,30136.0,A,9,3043829.0,0.6356398470479123
A2450525897_n01_LICRNA01_B09,B09,66,LIC110,plant,t10,12/12/23,8:00,LIC_02,LICRNA_01,2451014.0,431572.0,183094.0,285893.0,36246.0,B,9,3417706.0,0.7171517971411233
A2450525897_n01_LICRNA01_C09,C09,67,LIC111,plant,t10,12/12/23,8:00,LIC_02,LICRNA_01,4372037.0,860061.0,361762.0,686872.0,82284.0,C,9,8495733.0,0.5146156311644916
A2450525897_n01_LICRNA01_D09,D09,68,LIC112,plant,t10,12/12/23,8:00,LIC_02,LICRNA_01,5011155.0,548172.0,327854.0,517549.0,61828.0,D,9,6274411.0,0.7986654046092933
A2450525897_n01_LICRNA01_E09,E09,69,LIC113,plant,t10,12/12/23,8:00,LIC_02,LICRNA_01,2475929.0,505814.0,199178.0,262516.0,32083.0,E,9,3223569.0,0.7680707315401035
A2450525897_n01_LICRNA01_F09,F09,70,LIC114,plant,t10,12/12/23,8:00,LIC_02,LICRNA_01,1079511.0,366114.0,100792.0,199286.0,22858.0,F,9,2466864.0,0.4376045862276964
A2450525897_n01_LICRNA01_G09,G09,71,LIC115,plant,t10,12/12/23,8:00,LIC_02,LICRNA_01,3220773.0,673959.0,192655.0,301825.0,36106.0,G,9,3682187.0,0.8746902316476594
A2450525897_n01_LICRNA01_H09,H09,72,LIC116,plant,t10,12/12/23,8:00,LIC_02,LICRNA_01,2192198.0,425099.0,147324.0,284515.0,34997.0,H,9,3773526.0,0.5809415384974159
A2450525897_n01_LICRNA01_A10,A10,73,LIC121,plant,t11,12/15/23,8:00,LIC_02,LICRNA_01,3888067.0,511228.0,197579.0,400203.0,51166.0,A,10,5087497.0,0.7642396644165097
A2450525897_n01_LICRNA01_B10,B10,74,LIC122,plant,t11,12/15/23,8:00,LIC_02,LICRNA_01,2195163.0,284108.0,127922.0,166807.0,20711.0,B,10,1870086.0,1.1738299735947972
A2450525897_n01_LICRNA01_C10,C10,75,LIC123,plant,t11,12/15/23,8:00,LIC_02,LICRNA_01,852463.0,288703.0,108680.0,200027.0,22665.0,C,10,2505062.0,0.34029616831838894
A2450525897_n01_LICRNA01_D10,D10,76,LIC124,plant,t11,12/15/23,8:00,LIC_02,LICRNA_01,4956041.0,576496.0,244556.0,497667.0,56608.0,D,10,5671679.0,0.8738225488431204
A2450525897_n01_LICRNA01_E10,E10,77,LIC125,plant,t11,12/15/23,8:00,LIC_02,LICRNA_01,1148030.0,175393.0,93631.0,141434.0,17269.0,E,10,1664925.0,0.6895385678033545
A2450525897_n01_LICRNA01_F10,F10,78,LIC126,plant,t11,12/15/23,8:00,LIC_02,LICRNA_01,1988907.0,313884.0,161241.0,268582.0,33331.0,F,10,3249827.0,0.6120039620570572
A2450525897_n01_LICRNA01_G10,G10,79,LIC127,plant,t11,12/15/23,8:00,LIC_02,LICRNA_01,1562145.0,243976.0,85134.0,138884.0,16444.0,G,10,1586806.0,0.9844587177008406
A2450525897_n01_LICRNA01_H10,H10,80,LIC128,plant,t11,12/15/23,8:00,LIC_02,LICRNA_01,2291624.0,408948.0,159867.0,259492.0,34365.0,H,10,3177403.0,0.721225478795104
A2450525897_n01_LICRNA01_A11,A11,81,LIC133,plant,t12,1/5/24,8:00,LIC_02,LICRNA_01,2986175.0,406161.0,108688.0,208976.0,25239.0,A,11,2393809.0,1.2474575039194857
A2450525897_n01_LICRNA01_B11,B11,82,LIC134,plant,t12,1/5/24,8:00,LIC_02,LICRNA_01,18478194.0,1312767.0,753194.0,1178696.0,158468.0,B,11,14393527.0,1.2837849958526495
A2450525897_n01_LICRNA01_C11,C11,83,LIC135,plant,t12,1/5/24,8:00,LIC_02,LICRNA_01,584473.0,67857.0,15376.0,9239.0,2736.0,C,11,111280.0,5.252273544212796
A2450525897_n01_LICRNA01_D11,D11,84,LIC136,plant,t12,1/5/24,8:00,LIC_02,LICRNA_01,783744.0,82443.0,10973.0,8926.0,2611.0,D,11,106407.0,7.365530463221405
A2450525897_n01_LICRNA01_E11,E11,85,LIC137,plant,t12,1/5/24,8:00,LIC_02,LICRNA_01,2446745.0,259529.0,112813.0,209126.0,25459.0,E,11,2413048.0,1.0139644963548176
A2450525897_n01_LICRNA01_F11,F11,86,LIC138,plant,t12,1/5/24,8:00,LIC_02,LICRNA_01,4005201.0,515276.0,184484.0,427008.0,49994.0,F,11,5147901.0,0.7780260343001935
A2450525897_n01_LICRNA01_G11,G11,87,LIC139,plant,t12,1/5/24,8:00,LIC_02,LICRNA_01,4013819.0,504297.0,179941.0,307291.0,37914.0,G,11,3349954.0,1.1981713778756364
A2450525897_n01_LICRNA01_H11,H11,88,LIC140,plant,t12,1/5/24,8:00,LIC_02,LICRNA_01,4351928.0,750270.0,363069.0,748558.0,92054.0,H,11,9190562.0,0.47352142339064796
A2450525897_n01_LICRNA01_A12,A12,89,LIC145,plant,t13,1/15/24,8:00,LIC_02,LICRNA_01,485464.0,75864.0,36442.0,81458.0,9290.0,A,12,1040265.0,0.4666733957212826
A2450525897_n01_LICRNA01_B12,B12,90,LIC146,plant,t13,1/15/24,8:00,LIC_02,LICRNA_01,8749173.0,802036.0,716655.0,928777.0,108372.0,B,12,9628312.0,0.9086923024513539
A2450525897_n01_LICRNA01_C12,C12,91,LIC147,plant,t13,1/15/24,8:00,LIC_02,LICRNA_01,1463618.0,351610.0,158535.0,347717.0,37867.0,C,12,4359840.0,0.3357045212668355
A2450525897_n01_LICRNA01_D12,D12,92,LIC148,plant,t13,1/15/24,8:00,LIC_02,LICRNA_01,,,,,,D,12,,
A2450525897_n01_LICRNA01_E12,E12,93,LIC149,plant,t13,1/15/24,8:00,LIC_02,LICRNA_01,6099952.0,336225.0,387240.0,622435.0,72994.0,E,12,6729013.0,0.9065151159612859
A2450525897_n01_LICRNA01_F12,F12,94,LIC150,plant,t13,1/15/24,8:00,LIC_02,LICRNA_01,2140653.0,341382.0,216214.0,424028.0,48951.0,F,12,5088400.0,0.4206927521421272
A2450525897_n01_LICRNA01_G12,G12,95,LIC151,plant,t13,1/15/24,8:00,LIC_02,LICRNA_01,3435305.0,624893.0,310777.0,626902.0,75732.0,G,12,7864279.0,0.4368238970158612
A2450525897_n01_LICRNA01_H12,H12,96,LIC152,plant,t13,1/15/24,8:00,LIC_02,LICRNA_01,3551217.0,479488.0,297809.0,466537.0,56470.0,H,12,5105059.0,0.6956270240951182
A2449446903_n01_LICRNA02_A01,A01,1,LIC157,plant,t14,1/23/24,8:00,LIC_02,LICRNA_02,758284.0,285983.0,82176.0,103821.0,14939.0,A,1,1246970.0,0.6081012373994563
A2449446903_n01_LICRNA02_B01,B01,2,LIC158,plant,t14,1/23/24,8:00,LIC_02,LICRNA_02,2086106.0,465461.0,220515.0,285686.0,41989.0,B,1,3577109.0,0.5831821171789845
A2449446903_n01_LICRNA02_C01,C01,3,LIC159,plant,t14,1/23/24,8:00,LIC_02,LICRNA_02,2074556.0,689934.0,255116.0,256430.0,41959.0,C,1,3236577.0,0.6409722370269578
A2449446903_n01_LICRNA02_D01,D01,4,LIC160,plant,t14,1/23/24,8:00,LIC_02,LICRNA_02,8431037.0,2212178.0,996469.0,968722.0,147633.0,D,1,12227612.0,0.6895080576648981
A2449446903_n01_LICRNA02_E01,E01,5,LIC161,plant,t14,1/23/24,8:00,LIC_02,LICRNA_02,6050050.0,877963.0,588198.0,751231.0,111929.0,E,1,9359040.0,0.6464391647006531
A2449446903_n01_LICRNA02_F01,F01,6,LIC162,plant,t14,1/23/24,8:00,LIC_02,LICRNA_02,62126.0,88.0,8.0,9.0,,F,1,115.0,540.2260869565217
A2449446903_n01_LICRNA02_G01,G01,7,LIC163,plant,t14,1/23/24,8:00,LIC_02,LICRNA_02,7514343.0,1577532.0,618259.0,729731.0,110431.0,G,1,8934110.0,0.8410846743548043
A2449446903_n01_LICRNA02_H01,H01,8,LIC164,plant,t14,1/23/24,8:00,LIC_02,LICRNA_02,6824392.0,1661107.0,609921.0,675186.0,96681.0,H,1,8377705.0,0.8145896758121706
A2449446903_n01_LICRNA02_A02,A02,9,LIC169,plant,t15,1/27/24,8:00,LIC_02,LICRNA_02,3071877.0,648887.0,353549.0,398670.0,57289.0,A,2,4985602.0,0.6161496645741076
A2449446903_n01_LICRNA02_B02,B02,10,LIC170,plant,t15,1/27/24,8:00,LIC_02,LICRNA_02,1839268.0,555775.0,243038.0,238921.0,35079.0,B,2,2982080.0,0.6167735272024896
A2449446903_n01_LICRNA02_C02,C02,11,LIC171,plant,t15,1/27/24,8:00,LIC_02,LICRNA_02,2209163.0,533156.0,281117.0,274381.0,38470.0,C,2,3173806.0,0.6960611329110853
A2449446903_n01_LICRNA02_D02,D02,12,LIC172,plant,t15,1/27/24,8:00,LIC_02,LICRNA_02,4839371.0,1217252.0,560410.0,537171.0,79987.0,D,2,6675106.0,0.7249878878327924
A2449446903_n01_LICRNA02_E02,E02,13,LIC173,plant,t15,1/27/24,8:00,LIC_02,LICRNA_02,2654140.0,717431.0,333308.0,360223.0,51956.0,E,2,4439426.0,0.5978565697457284
A2449446903_n01_LICRNA02_F02,F02,14,LIC174,plant,t15,1/27/24,8:00,LIC_02,LICRNA_02,5290974.0,1141991.0,385276.0,458616.0,64736.0,F,2,5575991.0,0.9488849605388531
A2449446903_n01_LICRNA02_G02,G02,15,LIC175,plant,t15,1/27/24,8:00,LIC_02,LICRNA_02,3002466.0,635398.0,241109.0,319952.0,41984.0,G,2,3902414.0,0.7693868461931512
A2449446903_n01_LICRNA02_H02,H02,16,LIC176,plant,t15,1/27/24,8:00,LIC_02,LICRNA_02,3329255.0,998898.0,494937.0,445500.0,65680.0,H,2,5371809.0,0.6197642172311041
A2449446903_n01_LICRNA02_A03,A03,17,LIC193,plant,t17,2/2/24,8:00,LIC_03,LICRNA_02,1213638.0,386660.0,158864.0,207527.0,27420.0,A,3,2465662.0,0.4922158836044843
A2449446903_n01_LICRNA02_B03,B03,18,LIC194,plant,t17,2/2/24,8:00,LIC_03,LICRNA_02,5890237.0,1668280.0,830284.0,707612.0,108803.0,B,3,8375971.0,0.7032303478605645
A2449446903_n01_LICRNA02_C03,C03,19,LIC195,plant,t17,2/2/24,8:00,LIC_03,LICRNA_02,3619397.0,767862.0,288505.0,337823.0,49649.0,C,3,3973304.0,0.9109287887360242
A2449446903_n01_LICRNA02_D03,D03,20,LIC196,plant,t17,2/2/24,8:00,LIC_03,LICRNA_02,4976399.0,975264.0,570481.0,528958.0,76759.0,D,3,6129991.0,0.8118117954822446
A2449446903_n01_LICRNA02_E03,E03,21,LIC197,plant,t17,2/2/24,8:00,LIC_03,LICRNA_02,4101044.0,800490.0,533106.0,490402.0,73676.0,E,3,5634545.0,0.7278394262535839
A2449446903_n01_LICRNA02_F03,F03,22,LIC198,plant,t17,2/2/24,8:00,LIC_03,LICRNA_02,4931741.0,784080.0,640719.0,617930.0,88287.0,F,3,7332892.0,0.6725506116822667
A2449446903_n01_LICRNA02_G03,G03,23,LIC199,plant,t17,2/2/24,8:00,LIC_03,LICRNA_02,3350123.0,914930.0,517979.0,392455.0,66202.0,G,3,4776526.0,0.7013722944248603
A2449446903_n01_LICRNA02_H03,H03,24,LIC200,plant,t17,2/2/24,8:00,LIC_03,LICRNA_02,5868400.0,968775.0,591577.0,752764.0,91295.0,H,3,8579681.0,0.6839881342907738
A2449446903_n01_LICRNA02_A04,A04,25,LIC205,plant,t18,2/6/24,8:00,LIC_03,LICRNA_02,306394.0,132266.0,39209.0,46310.0,6783.0,A,4,564891.0,0.5423949045037008
A2449446903_n01_LICRNA02_B04,B04,26,LIC206,plant,t18,2/6/24,8:00,LIC_03,LICRNA_02,2214994.0,759107.0,321014.0,349109.0,53644.0,B,4,4444131.0,0.4984088002806398
A2449446903_n01_LICRNA02_C04,C04,27,LIC207,plant,t18,2/6/24,8:00,LIC_03,LICRNA_02,1039534.0,374150.0,157202.0,156785.0,25026.0,C,4,2018386.0,0.5150323079926238
A2449446903_n01_LICRNA02_D04,D04,28,LIC208,plant,t18,2/6/24,8:00,LIC_03,LICRNA_02,1027102.0,370679.0,146697.0,164129.0,25094.0,D,4,2097859.0,0.48959534458702897
A2449446903_n01_LICRNA02_E04,E04,29,LIC209,plant,t18,2/6/24,8:00,LIC_03,LICRNA_02,1611086.0,456247.0,246037.0,294043.0,42841.0,E,4,3708986.0,0.43437370753084537
A2449446903_n01_LICRNA02_F04,F04,30,LIC210,plant,t18,2/6/24,8:00,LIC_03,LICRNA_02,662661.0,255233.0,112281.0,122685.0,19345.0,F,4,1637031.0,0.4047944113459061
A2449446903_n01_LICRNA02_G04,G04,31,LIC211,plant,t18,2/6/24,8:00,LIC_03,LICRNA_02,2488497.0,713508.0,439911.0,482666.0,68396.0,G,4,5947277.0,0.41842628147301697
A2449446903_n01_LICRNA02_H04,H04,32,LIC212,plant,t18,2/6/24,8:00,LIC_03,LICRNA_02,786265.0,344379.0,142351.0,132064.0,21445.0,H,4,1774601.0,0.44306579338116003
A2449446903_n01_LICRNA02_A05,A05,33,LIC217,plant,t19,2/9/24,8:00,LIC_03,LICRNA_02,1303436.0,170807.0,90929.0,125368.0,19337.0,A,5,1515395.0,0.8601295371833746
A2449446903_n01_LICRNA02_B05,B05,34,LIC218,plant,t19,2/9/24,8:00,LIC_03,LICRNA_02,5297508.0,1000154.0,538677.0,425264.0,69535.0,B,5,5043306.0,1.0504038422415773
A2449446903_n01_LICRNA02_C05,C05,35,LIC219,plant,t19,2/9/24,8:00,LIC_03,LICRNA_02,3204511.0,663957.0,252099.0,237095.0,42009.0,C,5,2933020.0,1.092563637479458
A2449446903_n01_LICRNA02_D05,D05,36,LIC220,plant,t19,2/9/24,8:00,LIC_03,LICRNA_02,5622679.0,944400.0,572437.0,493663.0,81870.0,D,5,5972291.0,0.9414609904306405
A2449446903_n01_LICRNA02_E05,E05,37,LIC221,plant,t19,2/9/24,8:00,LIC_03,LICRNA_02,8275641.0,1217554.0,775014.0,732400.0,117701.0,E,5,8794144.0,0.9410399693250417
A2449446903_n01_LICRNA02_F05,F05,38,LIC222,plant,t19,2/9/24,8:00,LIC_03,LICRNA_02,5646245.0,1143434.0,716957.0,512297.0,83089.0,F,5,6306839.0,0.8952575133121362
A2449446903_n01_LICRNA02_G05,G05,39,LIC223,plant,t19,2/9/24,8:00,LIC_03,LICRNA_02,4413752.0,905364.0,534864.0,448757.0,77685.0,G,5,5416911.0,0.8148097688885787
A2449446903_n01_LICRNA02_H05,H05,40,LIC224,plant,t19,2/9/24,8:00,LIC_03,LICRNA_02,3934730.0,1111891.0,378101.0,324974.0,54310.0,H,5,3888197.0,1.0119677578065103
A2449446903_n01_LICRNA02_A06,A06,41,LIC229,plant,t20,2/16/24,8:00,LIC_03,LICRNA_02,1591231.0,549275.0,141665.0,156677.0,22483.0,A,6,1924391.0,0.8268750997068683
A2449446903_n01_LICRNA02_B06,B06,42,LIC230,plant,t20,2/16/24,8:00,LIC_03,LICRNA_02,7274756.0,1153065.0,870457.0,772077.0,111901.0,B,6,9541156.0,0.7624606494223551
A2449446903_n01_LICRNA02_C06,C06,43,LIC231,plant,t20,2/16/24,8:00,LIC_03,LICRNA_02,6364358.0,988666.0,668386.0,709764.0,100151.0,C,6,8566674.0,0.7429205313520744
A2449446903_n01_LICRNA02_D06,D06,44,LIC232,plant,t20,2/16/24,8:00,LIC_03,LICRNA_02,5006417.0,1009870.0,600221.0,597712.0,88343.0,D,6,7541277.0,0.6638685994427734
A2449446903_n01_LICRNA02_E06,E06,45,LIC233,plant,t20,2/16/24,8:00,LIC_03,LICRNA_02,1492358.0,421149.0,237035.0,201238.0,32927.0,E,6,2434757.0,0.6129391968069092
A2449446903_n01_LICRNA02_F06,F06,46,LIC234,plant,t20,2/16/24,8:00,LIC_03,LICRNA_02,2336214.0,645083.0,309369.0,249720.0,44769.0,F,6,3129358.0,0.7465473748928694
A2449446903_n01_LICRNA02_G06,G06,47,LIC235,plant,t20,2/16/24,8:00,LIC_03,LICRNA_02,2441818.0,761954.0,420883.0,290830.0,53953.0,G,6,3615059.0,0.6754573023566144
A2449446903_n01_LICRNA02_H06,H06,48,LIC236,plant,t20,2/16/24,8:00,LIC_03,LICRNA_02,2356820.0,562020.0,235493.0,268455.0,38075.0,H,6,3232155.0,0.7291791389954999
A2449446903_n01_LICRNA02_A07,A07,49,LIC241,plant,t21,2/20/24,8:00,LIC_03,LICRNA_02,2816124.0,820003.0,262703.0,292069.0,41841.0,A,7,3643074.0,0.773007630369298
A2449446903_n01_LICRNA02_B07,B07,50,LIC242,plant,t21,2/20/24,8:00,LIC_03,LICRNA_02,14525266.0,1631463.0,1106046.0,1019747.0,148437.0,B,7,12061774.0,1.2042396085351956
A2449446903_n01_LICRNA02_C07,C07,51,LIC243,plant,t21,2/20/24,8:00,LIC_03,LICRNA_02,5931387.0,966543.0,372994.0,422179.0,70886.0,C,7,5220104.0,1.13625839638444
A2449446903_n01_LICRNA02_D07,D07,52,LIC244,plant,t21,2/20/24,8:00,LIC_03,LICRNA_02,5559066.0,898259.0,408088.0,358913.0,56457.0,D,7,4167468.0,1.333919300640101
A2449446903_n01_LICRNA02_E07,E07,53,LIC245,plant,t21,2/20/24,8:00,LIC_03,LICRNA_02,11738506.0,1479828.0,843365.0,683876.0,105567.0,E,7,8147084.0,1.4408229987563648
A2449446903_n01_LICRNA02_F07,F07,54,LIC246,plant,t21,2/20/24,8:00,LIC_03,LICRNA_02,7696724.0,1457771.0,608850.0,540397.0,91990.0,F,7,6265653.0,1.2283993384249017
A2449446903_n01_LICRNA02_G07,G07,55,LIC247,plant,t21,2/20/24,8:00,LIC_03,LICRNA_02,5973836.0,1074184.0,571812.0,504501.0,76977.0,G,7,6018027.0,0.9926568956902321
A2449446903_n01_LICRNA02_H07,H07,56,LIC248,plant,t21,2/20/24,8:00,LIC_03,LICRNA_02,3198155.0,645097.0,290551.0,234312.0,40572.0,H,7,2839351.0,1.126368314449323
A2449446903_n01_LICRNA02_A08,A08,57,LIC253,plant,t22,2/23/24,8:00,LIC_03,LICRNA_02,1753883.0,332906.0,146938.0,181035.0,25026.0,A,8,2142577.0,0.8185857497770208
A2449446903_n01_LICRNA02_B08,B08,58,LIC254,plant,t22,2/23/24,8:00,LIC_03,LICRNA_02,4822281.0,924887.0,386705.0,358136.0,54842.0,B,8,4174613.0,1.1551444409338063
A2449446903_n01_LICRNA02_C08,C08,59,LIC255,plant,t22,2/23/24,8:00,LIC_03,LICRNA_02,2249076.0,520189.0,258097.0,211398.0,34019.0,C,8,2564547.0,0.8769876317337916
A2449446903_n01_LICRNA02_D08,D08,60,LIC256,plant,t22,2/23/24,8:00,LIC_03,LICRNA_02,6939436.0,889642.0,507618.0,525632.0,78652.0,D,8,6261565.0,1.1082590374770525
A2449446903_n01_LICRNA02_E08,E08,61,LIC257,plant,t22,2/23/24,8:00,LIC_03,LICRNA_02,2844142.0,456709.0,402075.0,250157.0,45821.0,E,8,3084479.0,0.92208181673469
A2449446903_n01_LICRNA02_F08,F08,62,LIC258,plant,t22,2/23/24,8:00,LIC_03,LICRNA_02,5493493.0,1024209.0,450689.0,386774.0,62202.0,F,8,4668900.0,1.176613977596436
A2449446903_n01_LICRNA02_G08,G08,63,LIC259,plant,t22,2/23/24,8:00,LIC_03,LICRNA_02,5065163.0,956147.0,466392.0,446258.0,68758.0,G,8,5305308.0,0.9547349560100941
A2449446903_n01_LICRNA02_H08,H08,64,LIC260,plant,t22,2/23/24,8:00,LIC_03,LICRNA_02,3809750.0,760789.0,385433.0,455955.0,63705.0,H,8,5214540.0,0.7306013569749201
A2449446903_n01_LICRNA02_A09,A09,65,LIC265,plant,t23,2/26/24,8:00,LIC_03,LICRNA_02,1234805.0,272046.0,125134.0,125409.0,18094.0,A,9,1650464.0,0.7481562760532796
A2449446903_n01_LICRNA02_B09,B09,66,LIC266,plant,t23,2/26/24,8:00,LIC_03,LICRNA_02,4736557.0,535505.0,332339.0,333903.0,48086.0,B,9,4370347.0,1.0837942616455856
A2449446903_n01_LICRNA02_C09,C09,67,LIC267,plant,t23,2/26/24,8:00,LIC_03,LICRNA_02,6678230.0,1029076.0,679698.0,682189.0,97564.0,C,9,8617375.0,0.7749726569866113
A2449446903_n01_LICRNA02_D09,D09,68,LIC268,plant,t23,2/26/24,8:00,LIC_03,LICRNA_02,4958852.0,829278.0,435848.0,377476.0,58545.0,D,9,4892931.0,1.0134727017405314
A2449446903_n01_LICRNA02_E09,E09,69,LIC269,plant,t23,2/26/24,8:00,LIC_03,LICRNA_02,4594369.0,796450.0,553514.0,425070.0,67262.0,E,9,5413707.0,0.8486549050401139
A2449446903_n01_LICRNA02_F09,F09,70,LIC270,plant,t23,2/26/24,8:00,LIC_03,LICRNA_02,4399961.0,701018.0,425632.0,370690.0,55878.0,F,9,4762394.0,0.9238968888336412
A2449446903_n01_LICRNA02_G09,G09,71,LIC271,plant,t23,2/26/24,8:00,LIC_03,LICRNA_02,3005864.0,424107.0,262181.0,332029.0,42477.0,G,9,4012574.0,0.7491111690401224
A2449446903_n01_LICRNA02_H09,H09,72,LIC272,plant,t23,2/26/24,8:00,LIC_03,LICRNA_02,4414609.0,783327.0,402170.0,495094.0,68108.0,H,9,6236294.0,0.7078898140466117
A2449446903_n01_LICRNA02_A10,A10,73,LIC289,plant,t25,3/5/24,8:00,LIC_04,LICRNA_02,700348.0,421411.0,112766.0,189784.0,25578.0,A,10,2698069.0,0.25957379147827575
A2449446903_n01_LICRNA02_B10,B10,74,LIC290,plant,t25,3/5/24,8:00,LIC_04,LICRNA_02,7337276.0,1185769.0,423317.0,435283.0,67364.0,B,10,5908858.0,1.2417418052693092
A2449446903_n01_LICRNA02_C10,C10,75,LIC291,plant,t25,3/5/24,8:00,LIC_04,LICRNA_02,1368845.0,295411.0,173848.0,140549.0,23780.0,C,10,1773242.0,0.7719448332489305
A2449446903_n01_LICRNA02_D10,D10,76,LIC292,plant,t25,3/5/24,8:00,LIC_04,LICRNA_02,3772820.0,748095.0,456815.0,381643.0,61133.0,D,10,4704461.0,0.8019664739488753
A2449446903_n01_LICRNA02_E10,E10,77,LIC293,plant,t25,3/5/24,8:00,LIC_04,LICRNA_02,1423169.0,378134.0,189051.0,172109.0,29084.0,E,10,2261500.0,0.6293031173999558
A2449446903_n01_LICRNA02_F10,F10,78,LIC294,plant,t25,3/5/24,8:00,LIC_04,LICRNA_02,973077.0,247643.0,105616.0,100333.0,17208.0,F,10,1316533.0,0.7391208575857954
A2449446903_n01_LICRNA02_G10,G10,79,LIC295,plant,t25,3/5/24,8:00,LIC_04,LICRNA_02,1252320.0,350637.0,152963.0,143130.0,24012.0,G,10,1830848.0,0.6840109064215052
A2449446903_n01_LICRNA02_H10,H10,80,LIC296,plant,t25,3/5/24,8:00,LIC_04,LICRNA_02,728804.0,91341.0,43047.0,32875.0,5915.0,H,10,404181.0,1.8031624445483583
A2449446903_n01_LICRNA02_A11,A11,81,LIC301,plant,t26,3/8/24,8:00,LIC_04,LICRNA_02,1058835.0,489238.0,127153.0,178441.0,25525.0,A,11,2208937.0,0.4793414207829377
A2449446903_n01_LICRNA02_B11,B11,82,LIC302,plant,t26,3/8/24,8:00,LIC_04,LICRNA_02,6133226.0,952935.0,546203.0,573821.0,80235.0,B,11,6758409.0,0.9074955363015171
A2449446903_n01_LICRNA02_C11,C11,83,LIC303,plant,t26,3/8/24,8:00,LIC_04,LICRNA_02,9508313.0,1397518.0,562442.0,643400.0,89697.0,C,11,7678083.0,1.2383706974774824
A2449446903_n01_LICRNA02_D11,D11,84,LIC304,plant,t26,3/8/24,8:00,LIC_04,LICRNA_02,5398203.0,956368.0,425951.0,358880.0,56057.0,D,11,4364848.0,1.2367447846981154
A2449446903_n01_LICRNA02_E11,E11,85,LIC305,plant,t26,3/8/24,8:00,LIC_04,LICRNA_02,7407723.0,1213869.0,544248.0,474183.0,69818.0,E,11,5729490.0,1.2929114109632796
A2449446903_n01_LICRNA02_F11,F11,86,LIC306,plant,t26,3/8/24,8:00,LIC_04,LICRNA_02,5100184.0,931787.0,443789.0,405996.0,55289.0,F,11,4896726.0,1.041549802868284
A2449446903_n01_LICRNA02_G11,G11,87,LIC307,plant,t26,3/8/24,8:00,LIC_04,LICRNA_02,4106232.0,719597.0,380668.0,310922.0,47073.0,G,11,3756099.0,1.0932171915596474
A2449446903_n01_LICRNA02_H11,H11,88,LIC308,plant,t26,3/8/24,8:00,LIC_04,LICRNA_02,5531029.0,902745.0,473386.0,441114.0,61548.0,H,11,5393164.0,1.0255629163140598
A2449446903_n01_LICRNA02_A12,A12,89,LIC313,plant,t27,3/12/24,8:00,LIC_04,LICRNA_02,2298467.0,613576.0,219511.0,229580.0,32416.0,A,12,2804744.0,0.8194926167949731
A2449446903_n01_LICRNA02_B12,B12,90,LIC314,plant,t27,3/12/24,8:00,LIC_04,LICRNA_02,7294504.0,2070408.0,494601.0,635167.0,89022.0,B,12,7572698.0,0.9632635554725674
A2449446903_n01_LICRNA02_C12,C12,91,LIC315,plant,t27,3/12/24,8:00,LIC_04,LICRNA_02,10581103.0,1493744.0,770403.0,692610.0,97520.0,C,12,8128106.0,1.3017919549769652
A2449446903_n01_LICRNA02_D12,D12,92,LIC316,plant,t27,3/12/24,8:00,LIC_04,LICRNA_02,7598735.0,1124344.0,521797.0,478055.0,68830.0,D,12,5785441.0,1.3134236439365643
A2449446903_n01_LICRNA02_E12,E12,93,LIC317,plant,t27,3/12/24,8:00,LIC_04,LICRNA_02,13233506.0,1496711.0,1113389.0,1069923.0,151328.0,E,12,12903065.0,1.0256094966583522
A2449446903_n01_LICRNA02_F12,F12,94,LIC318,plant,t27,3/12/24,8:00,LIC_04,LICRNA_02,13812648.0,1982140.0,1108870.0,908073.0,145273.0,F,12,11125462.0,1.241534778510771
A2449446903_n01_LICRNA02_G12,G12,95,LIC319,plant,t27,3/12/24,8:00,LIC_04,LICRNA_02,4477650.0,1039683.0,440055.0,419760.0,60161.0,G,12,5142449.0,0.870723268232704
A2449446903_n01_LICRNA02_H12,H12,96,LIC320,plant,t27,3/12/24,8:00,LIC_04,LICRNA_02,3789453.0,835296.0,446244.0,396108.0,57760.0,H,12,4803750.0,0.7888530835284934
B250508004_n01_LICRNA03_A01,A01,1,LIC325,plant,t28,3/14/24,8:00,LIC_04,LICRNA_03,2172476.0,987181.0,318286.0,373872.0,57843.0,A,1,4702045.0,0.4620279048796853
B250508004_n01_LICRNA03_B01,B01,2,LIC326,plant,t28,3/14/24,8:00,LIC_04,LICRNA_03,3333604.0,959758.0,401633.0,458812.0,65072.0,B,1,5527036.0,0.6031449768013091
B250508004_n01_LICRNA03_C01,C01,3,LIC327,plant,t28,3/14/24,8:00,LIC_04,LICRNA_03,4288612.0,1239875.0,497809.0,555622.0,88318.0,C,1,6866480.0,0.6245721242907574
B250508004_n01_LICRNA03_D01,D01,4,LIC328,plant,t28,3/14/24,8:00,LIC_04,LICRNA_03,3194457.0,800483.0,357886.0,384366.0,61773.0,D,1,4740120.0,0.6739190147084884
B250508004_n01_LICRNA03_E01,E01,5,LIC329,plant,t28,3/14/24,8:00,LIC_04,LICRNA_03,4504922.0,1398888.0,607088.0,688295.0,101252.0,E,1,8146575.0,0.5529835544385218
B250508004_n01_LICRNA03_F01,F01,6,LIC330,plant,t28,3/14/24,8:00,LIC_04,LICRNA_03,3716517.0,820720.0,352085.0,433653.0,63699.0,F,1,5171208.0,0.7186941619830415
B250508004_n01_LICRNA03_G01,G01,7,LIC331,plant,t28,3/14/24,8:00,LIC_04,LICRNA_03,7669950.0,1564226.0,769306.0,773145.0,109238.0,G,1,8957746.0,0.8562366023774284
B250508004_n01_LICRNA03_H01,H01,8,LIC332,plant,t28,3/14/24,8:00,LIC_04,LICRNA_03,5963067.0,1282810.0,589822.0,778042.0,109030.0,H,1,9338754.0,0.6385291870842728
B250508004_n01_LICRNA03_A02,A02,9,LIC337,plant,t24,3/1/24,8:00,LIC_04,LICRNA_03,1516387.0,978587.0,187095.0,248305.0,38270.0,A,2,3426209.0,0.44258450082875855
B250508004_n01_LICRNA03_B02,B02,10,LIC338,plant,t24,3/1/24,8:00,LIC_04,LICRNA_03,2772623.0,1301783.0,405147.0,448294.0,67399.0,B,2,5844548.0,0.474394769278993
B250508004_n01_LICRNA03_C02,C02,11,LIC339,plant,t24,3/1/24,8:00,LIC_04,LICRNA_03,5659450.0,1632500.0,596780.0,685510.0,103465.0,C,2,8956360.0,0.6318917506665654
B250508004_n01_LICRNA03_D02,D02,12,LIC340,plant,t24,3/1/24,8:00,LIC_04,LICRNA_03,2904616.0,1677432.0,803436.0,778956.0,118606.0,D,2,10611875.0,0.27371374050297426
B250508004_n01_LICRNA03_E02,E02,13,LIC341,plant,t24,3/1/24,8:00,LIC_04,LICRNA_03,2587096.0,1278123.0,427385.0,514028.0,79179.0,E,2,6880786.0,0.3759884408554488
B250508004_n01_LICRNA03_F02,F02,14,LIC342,plant,t24,3/1/24,8:00,LIC_04,LICRNA_03,3776880.0,1397456.0,697553.0,634858.0,105311.0,F,2,8294003.0,0.4553748051453562
B250508004_n01_LICRNA03_G02,G02,15,LIC343,plant,t24,3/1/24,8:00,LIC_04,LICRNA_03,1352924.0,851558.0,330559.0,318425.0,48404.0,G,2,4254416.0,0.3180046333033723
B250508004_n01_LICRNA03_H02,H02,16,LIC344,plant,t24,3/1/24,8:00,LIC_04,LICRNA_03,275002.0,168251.0,47458.0,53182.0,8771.0,H,2,717003.0,0.383543722969081
B250508004_n01_LICRNA03_A03,A03,17,LIC349,plant,t16,1/30/24,8:00,LIC_04,LICRNA_03,1869609.0,1103354.0,191839.0,388053.0,47808.0,A,3,4993417.0,0.3744147544657296
B250508004_n01_LICRNA03_B03,B03,18,LIC350,plant,t16,1/30/24,8:00,LIC_04,LICRNA_03,553816.0,298521.0,71976.0,92198.0,13434.0,B,3,1227640.0,0.45112247890260987
B250508004_n01_LICRNA03_C03,C03,19,LIC351,plant,t16,1/30/24,8:00,LIC_04,LICRNA_03,10874210.0,4473510.0,1361881.0,1936370.0,264732.0,C,3,24284117.0,0.4477910397153827
B250508004_n01_LICRNA03_D03,D03,20,LIC352,plant,t16,1/30/24,8:00,LIC_04,LICRNA_03,6150955.0,2884811.0,794743.0,1145491.0,149914.0,D,3,13887059.0,0.4429271165334575
B250508004_n01_LICRNA03_E03,E03,21,LIC353,plant,t16,1/30/24,8:00,LIC_04,LICRNA_03,669000.0,354713.0,75629.0,119913.0,16369.0,E,3,1467003.0,0.4560317872560588
B250508004_n01_LICRNA03_F03,F03,22,LIC354,plant,t16,1/30/24,8:00,LIC_04,LICRNA_03,6334749.0,1663780.0,510584.0,669303.0,96272.0,F,3,8399773.0,0.7541571659138884
B250508004_n01_LICRNA03_G03,G03,23,LIC355,plant,t16,1/30/24,8:00,LIC_04,LICRNA_03,1609116.0,664043.0,165214.0,307945.0,38214.0,G,3,3627980.0,0.4435294571634904
B250508004_n01_LICRNA03_H03,H03,24,LIC356,plant,t16,1/30/24,8:00,LIC_04,LICRNA_03,1718519.0,681256.0,230389.0,374600.0,49974.0,H,3,4705779.0,0.36519330805802824
B250508004_n01_LICRNA03_A04,A04,25,LIC361,plant,t08,12/5/23,8:00,LIC_04,LICRNA_03,2535477.0,916745.0,315690.0,503323.0,74496.0,A,4,7992730.0,0.3172229013115669
B250508004_n01_LICRNA03_B04,B04,26,LIC362,plant,t08,12/5/23,8:00,LIC_04,LICRNA_03,3325732.0,1661351.0,591131.0,692432.0,101127.0,B,4,8735665.0,0.3807073645795712
B250508004_n01_LICRNA03_C04,C04,27,LIC363,plant,t08,12/5/23,8:00,LIC_04,LICRNA_03,2463487.0,937526.0,352397.0,380331.0,56800.0,C,4,4521223.0,0.5448718189746447
B250508004_n01_LICRNA03_D04,D04,28,LIC364,plant,t08,12/5/23,8:00,LIC_04,LICRNA_03,3938079.0,1451570.0,607579.0,610284.0,91799.0,D,4,7492987.0,0.5255686417179157
B250508004_n01_LICRNA03_E04,E04,29,LIC365,plant,t08,12/5/23,8:00,LIC_04,LICRNA_03,2930881.0,951770.0,411155.0,455746.0,67768.0,E,4,5576195.0,0.5256059015152805
B250508004_n01_LICRNA03_F04,F04,30,LIC366,plant,t08,12/5/23,8:00,LIC_04,LICRNA_03,3451594.0,1363826.0,558062.0,621093.0,88614.0,F,4,7678391.0,0.44952047896492897
B250508004_n01_LICRNA03_G04,G04,31,LIC367,plant,t08,12/5/23,8:00,LIC_04,LICRNA_03,1477644.0,576615.0,189073.0,233308.0,31719.0,G,4,2732871.0,0.540692919643847
B250508004_n01_LICRNA03_H04,H04,32,LIC368,plant,t08,12/5/23,8:00,LIC_04,LICRNA_03,3555625.0,1246019.0,471419.0,532302.0,73182.0,H,4,6250771.0,0.5688298291522758
B250508004_n01_LICRNA03_A05,A05,33,LIC385,plant,c1_t01,2/9/24,20:00,LICCIRC_01,LICRNA_03,964260.0,400085.0,92653.0,160835.0,22682.0,A,5,1966537.0,0.49033402371783497
B250508004_n01_LICRNA03_B05,B05,34,LIC386,plant,c1_t01,2/9/24,20:00,LICCIRC_01,LICRNA_03,2693674.0,990901.0,455337.0,538663.0,77545.0,B,5,6397701.0,0.42103780717479605
B250508004_n01_LICRNA03_C05,C05,35,LIC387,plant,c1_t01,2/9/24,20:00,LICCIRC_01,LICRNA_03,3797944.0,1244018.0,492504.0,616929.0,86527.0,C,5,7034134.0,0.5399305728324197
B250508004_n01_LICRNA03_D05,D05,36,LIC388,plant,c1_t01,2/9/24,20:00,LICCIRC_01,LICRNA_03,1870339.0,1003752.0,300743.0,411019.0,60534.0,D,5,5076681.0,0.3684176728850995
B250508004_n01_LICRNA03_E05,E05,37,LIC389,plant,c1_t01,2/9/24,20:00,LICCIRC_01,LICRNA_03,1794713.0,870702.0,412096.0,479136.0,70674.0,E,5,6382330.0,0.2812002826553939
B250508004_n01_LICRNA03_F05,F05,38,LIC390,plant,c1_t01,2/9/24,20:00,LICCIRC_01,LICRNA_03,1243208.0,437311.0,221291.0,331016.0,40201.0,F,5,4326439.0,0.28735132981188455
B250508004_n01_LICRNA03_G05,G05,39,LIC391,plant,c1_t01,2/9/24,20:00,LICCIRC_01,LICRNA_03,1459556.0,778495.0,323179.0,385671.0,51025.0,G,5,4860915.0,0.3002636334928712
B250508004_n01_LICRNA03_H05,H05,40,LIC392,plant,c1_t01,2/9/24,20:00,LICCIRC_01,LICRNA_03,608276.0,185896.0,77814.0,124316.0,15500.0,H,5,1647357.0,0.36924358229576226
B250508004_n01_LICRNA03_A06,A06,41,LIC397,plant,c1_t02,2/10/24,0:00,LICCIRC_01,LICRNA_03,989045.0,448609.0,127011.0,182092.0,24891.0,A,6,2110494.0,0.4686319885296997
B250508004_n01_LICRNA03_B06,B06,42,LIC398,plant,c1_t02,2/10/24,0:00,LICCIRC_01,LICRNA_03,3033652.0,841469.0,631686.0,563199.0,80075.0,B,6,7028856.0,0.43159967994791754
B250508004_n01_LICRNA03_C06,C06,43,LIC399,plant,c1_t02,2/10/24,0:00,LICCIRC_01,LICRNA_03,4758067.0,784737.0,531754.0,662613.0,90807.0,C,6,7972493.0,0.5968104330728168
B250508004_n01_LICRNA03_D06,D06,44,LIC400,plant,c1_t02,2/10/24,0:00,LICCIRC_01,LICRNA_03,2795271.0,733459.0,356460.0,331875.0,48434.0,D,6,3966065.0,0.7047970721609454
B250508004_n01_LICRNA03_E06,E06,45,LIC401,plant,c1_t02,2/10/24,0:00,LICCIRC_01,LICRNA_03,2748988.0,693574.0,438751.0,445407.0,63023.0,E,6,5222244.0,0.5263997622477999
B250508004_n01_LICRNA03_F06,F06,46,LIC402,plant,c1_t02,2/10/24,0:00,LICCIRC_01,LICRNA_03,2588015.0,556102.0,375610.0,442817.0,59230.0,F,6,5265097.0,0.49154175127257865
B250508004_n01_LICRNA03_G06,G06,47,LIC403,plant,c1_t02,2/10/24,0:00,LICCIRC_01,LICRNA_03,2370429.0,567466.0,358242.0,382246.0,55751.0,G,6,4603168.0,0.5149560042127509
B250508004_n01_LICRNA03_H06,H06,48,LIC404,plant,c1_t02,2/10/24,0:00,LICCIRC_01,LICRNA_03,3266924.0,692162.0,359264.0,387007.0,57624.0,H,6,4494472.0,0.7268760379417204
B250508004_n01_LICRNA03_A07,A07,49,LIC409,plant,c1_t03,2/10/24,4:00,LICCIRC_01,LICRNA_03,3056824.0,1166408.0,619746.0,867418.0,114279.0,A,7,11274815.0,0.271119659169574
B250508004_n01_LICRNA03_B07,B07,50,LIC410,plant,c1_t03,2/10/24,4:00,LICCIRC_01,LICRNA_03,2527105.0,787809.0,417412.0,561992.0,81890.0,B,7,6850856.0,0.36887434212600584
B250508004_n01_LICRNA03_C07,C07,51,LIC411,plant,c1_t03,2/10/24,4:00,LICCIRC_01,LICRNA_03,3198594.0,970233.0,689446.0,571146.0,86522.0,C,7,6864049.0,0.46599230279387577
B250508004_n01_LICRNA03_D07,D07,52,LIC412,plant,c1_t03,2/10/24,4:00,LICCIRC_01,LICRNA_03,1415679.0,293946.0,185318.0,182179.0,26481.0,D,7,2158116.0,0.6559791039962634
B250508004_n01_LICRNA03_E07,E07,53,LIC413,plant,c1_t03,2/10/24,4:00,LICCIRC_01,LICRNA_03,2086871.0,529970.0,330111.0,363131.0,51216.0,E,7,4353030.0,0.4794065283262463
B250508004_n01_LICRNA03_F07,F07,54,LIC414,plant,c1_t03,2/10/24,4:00,LICCIRC_01,LICRNA_03,4279836.0,1151369.0,861991.0,858539.0,122276.0,F,7,10160371.0,0.4212283193202295
B250508004_n01_LICRNA03_G07,G07,55,LIC415,plant,c1_t03,2/10/24,4:00,LICCIRC_01,LICRNA_03,1009986.0,273396.0,125087.0,171146.0,27107.0,G,7,2021741.0,0.4995625057809086
B250508004_n01_LICRNA03_H07,H07,56,LIC416,plant,c1_t03,2/10/24,4:00,LICCIRC_01,LICRNA_03,1648497.0,454317.0,255099.0,351166.0,49248.0,H,7,4134513.0,0.39871612448672916
B250508004_n01_LICRNA03_A08,A08,57,LIC421,plant,c1_t04,2/10/24,8:00,LICCIRC_01,LICRNA_03,174313.0,29727.0,1771.0,2806.0,713.0,A,8,35127.0,4.9623651322344635
B250508004_n01_LICRNA03_B08,B08,58,LIC422,plant,c1_t04,2/10/24,8:00,LICCIRC_01,LICRNA_03,3443638.0,1111380.0,664760.0,736278.0,98355.0,B,8,8760584.0,0.3930831551869145
B250508004_n01_LICRNA03_C08,C08,59,LIC423,plant,c1_t04,2/10/24,8:00,LICCIRC_01,LICRNA_03,6580950.0,1515485.0,1144058.0,1074011.0,145895.0,C,8,12527244.0,0.5253310305123776
B250508004_n01_LICRNA03_D08,D08,60,LIC424,plant,c1_t04,2/10/24,8:00,LICCIRC_01,LICRNA_03,5742335.0,1338217.0,899237.0,1063288.0,141238.0,D,8,12372642.0,0.4641155058070863
B250508004_n01_LICRNA03_E08,E08,61,LIC425,plant,c1_t04,2/10/24,8:00,LICCIRC_01,LICRNA_03,2637313.0,785579.0,420669.0,547128.0,76959.0,E,8,6279051.0,0.4200177702012613
B250508004_n01_LICRNA03_F08,F08,62,LIC426,plant,c1_t04,2/10/24,8:00,LICCIRC_01,LICRNA_03,2000480.0,496643.0,274271.0,371551.0,47369.0,F,8,4262375.0,0.4693345845919235
B250508004_n01_LICRNA03_G08,G08,63,LIC427,plant,c1_t04,2/10/24,8:00,LICCIRC_01,LICRNA_03,3791411.0,989895.0,636919.0,681612.0,92072.0,G,8,7872114.0,0.4816255201588798
B250508004_n01_LICRNA03_H08,H08,64,LIC428,plant,c1_t04,2/10/24,8:00,LICCIRC_01,LICRNA_03,2552177.0,653299.0,438552.0,460177.0,61087.0,H,8,5245242.0,0.48656992375184976
B250508004_n01_LICRNA03_A09,A09,65,LIC433,plant,c1_t05,2/10/24,12:00,LICCIRC_01,LICRNA_03,668811.0,135349.0,51710.0,89572.0,10568.0,A,9,999244.0,0.669317003654763
B250508004_n01_LICRNA03_B09,B09,66,LIC434,plant,c1_t05,2/10/24,12:00,LICCIRC_01,LICRNA_03,3308775.0,1090222.0,388444.0,429312.0,61721.0,B,9,4984632.0,0.6637952410529002
B250508004_n01_LICRNA03_C09,C09,67,LIC435,plant,c1_t05,2/10/24,12:00,LICCIRC_01,LICRNA_03,4896083.0,1260889.0,632886.0,533842.0,82026.0,C,9,6276767.0,0.7800326187032273
B250508004_n01_LICRNA03_D09,D09,68,LIC436,plant,c1_t05,2/10/24,12:00,LICCIRC_01,LICRNA_03,14040012.0,3063834.0,1659191.0,1632183.0,235233.0,D,9,19089014.0,0.7355022108527973
B250508004_n01_LICRNA03_E09,E09,69,LIC437,plant,c1_t05,2/10/24,12:00,LICCIRC_01,LICRNA_03,3787534.0,905819.0,463461.0,484387.0,71423.0,E,9,5527206.0,0.6852529107834953
B250508004_n01_LICRNA03_F09,F09,70,LIC438,plant,c1_t05,2/10/24,12:00,LICCIRC_01,LICRNA_03,3822060.0,1105100.0,844423.0,826538.0,115522.0,F,9,10341989.0,0.36956720800998727
B250508004_n01_LICRNA03_G09,G09,71,LIC439,plant,c1_t05,2/10/24,12:00,LICCIRC_01,LICRNA_03,2021843.0,754969.0,254674.0,306779.0,40307.0,G,9,3523197.0,0.5738660086279592
B250508004_n01_LICRNA03_H09,H09,72,LIC440,plant,c1_t05,2/10/24,12:00,LICCIRC_01,LICRNA_03,4228242.0,1225936.0,493699.0,645602.0,93443.0,H,9,7715482.0,0.5480204606789311
B250508004_n01_LICRNA03_A10,A10,73,LIC445,plant,c1_t06,2/10/24,16:00,LICCIRC_01,LICRNA_03,1291857.0,967794.0,466390.0,805005.0,99690.0,A,10,11486889.0,0.11246360959873469
B250508004_n01_LICRNA03_B10,B10,74,LIC446,plant,c1_t06,2/10/24,16:00,LICCIRC_01,LICRNA_03,2892073.0,1199563.0,512462.0,657412.0,97916.0,B,10,8262573.0,0.35002087122255987
B250508004_n01_LICRNA03_C10,C10,75,LIC447,plant,c1_t06,2/10/24,16:00,LICCIRC_01,LICRNA_03,1213380.0,792809.0,239474.0,338001.0,47719.0,C,10,4271077.0,0.2840922793009819
B250508004_n01_LICRNA03_D10,D10,76,LIC448,plant,c1_t06,2/10/24,16:00,LICCIRC_01,LICRNA_03,493657.0,308089.0,110071.0,138937.0,19317.0,D,10,1827340.0,0.27015060142064423
B250508004_n01_LICRNA03_E10,E10,77,LIC449,plant,c1_t06,2/10/24,16:00,LICCIRC_01,LICRNA_03,6028880.0,1777322.0,1057900.0,1062965.0,155151.0,E,10,12524876.0,0.48135247007635046
B250508004_n01_LICRNA03_F10,F10,78,LIC450,plant,c1_t06,2/10/24,16:00,LICCIRC_01,LICRNA_03,1956913.0,958220.0,410502.0,488160.0,67189.0,F,10,6317980.0,0.30973713117167195
B250508004_n01_LICRNA03_G10,G10,79,LIC451,plant,c1_t06,2/10/24,16:00,LICCIRC_01,LICRNA_03,3530647.0,1086619.0,651291.0,786838.0,105108.0,G,10,9619746.0,0.36702081323145125
B250508004_n01_LICRNA03_H10,H10,80,LIC452,plant,c1_t06,2/10/24,16:00,LICCIRC_01,LICRNA_03,365095.0,119463.0,39090.0,55347.0,7763.0,H,10,643786.0,0.5671061501803394
B250508004_n01_LICRNA03_A11,A11,81,LIC457,plant,c1_t07,2/10/24,20:00,LICCIRC_01,LICRNA_03,2674528.0,1195327.0,376117.0,579197.0,78765.0,A,11,7080205.0,0.3777472544933374
B250508004_n01_LICRNA03_B11,B11,82,LIC458,plant,c1_t07,2/10/24,20:00,LICCIRC_01,LICRNA_03,2708899.0,1069439.0,279807.0,483063.0,64313.0,B,11,5975492.0,0.4533348885748655
B250508004_n01_LICRNA03_C11,C11,83,LIC459,plant,c1_t07,2/10/24,20:00,LICCIRC_01,LICRNA_03,9536959.0,2260575.0,1915565.0,1790958.0,262976.0,C,11,22087076.0,0.4317891150462832
B250508004_n01_LICRNA03_D11,D11,84,LIC460,plant,c1_t07,2/10/24,20:00,LICCIRC_01,LICRNA_03,4996759.0,1752775.0,1265822.0,1111332.0,160791.0,D,11,14457644.0,0.3456136421674237
B250508004_n01_LICRNA03_E11,E11,85,LIC461,plant,c1_t07,2/10/24,20:00,LICCIRC_01,LICRNA_03,874618.0,395921.0,149646.0,183627.0,28594.0,E,11,2408154.0,0.3631902278674869
B250508004_n01_LICRNA03_F11,F11,86,LIC462,plant,c1_t07,2/10/24,20:00,LICCIRC_01,LICRNA_03,1218515.0,409293.0,110644.0,167140.0,26438.0,F,11,2197530.0,0.5544929989579209
B250508004_n01_LICRNA03_G11,G11,87,LIC463,plant,c1_t07,2/10/24,20:00,LICCIRC_01,LICRNA_03,2261397.0,1279367.0,492243.0,529464.0,80590.0,G,11,6315886.0,0.35804905281697613
B250508004_n01_LICRNA03_H11,H11,88,LIC464,plant,c1_t07,2/10/24,20:00,LICCIRC_01,LICRNA_03,326959.0,298061.0,60346.0,110795.0,16078.0,H,11,1509679.0,0.21657517922684227
B250508004_n01_LICRNA03_A12,A12,89,LIC481,plant,c1_t08,2/11/24,0:00,LICCIRC_02,LICRNA_03,4882658.0,700908.0,534957.0,689468.0,92504.0,A,12,8111911.0,0.6019121758115936
B250508004_n01_LICRNA03_B12,B12,90,LIC482,plant,c1_t08,2/11/24,0:00,LICCIRC_02,LICRNA_03,1738754.0,320236.0,170745.0,163100.0,24401.0,B,12,1930400.0,0.9007221301284708
B250508004_n01_LICRNA03_C12,C12,91,LIC483,plant,c1_t08,2/11/24,0:00,LICCIRC_02,LICRNA_03,2559087.0,711143.0,281190.0,296043.0,45949.0,C,12,3624627.0,0.7060276822966888
B250508004_n01_LICRNA03_D12,D12,92,LIC484,plant,c1_t08,2/11/24,0:00,LICCIRC_02,LICRNA_03,3848474.0,940059.0,556045.0,541848.0,80678.0,D,12,6660622.0,0.577794986714454
B250508004_n01_LICRNA03_E12,E12,93,LIC485,plant,c1_t08,2/11/24,0:00,LICCIRC_02,LICRNA_03,3797441.0,727021.0,615860.0,564812.0,86698.0,E,12,6665972.0,0.5696755101881616
B250508004_n01_LICRNA03_F12,F12,94,LIC486,plant,c1_t08,2/11/24,0:00,LICCIRC_02,LICRNA_03,1281256.0,374542.0,107554.0,107737.0,17575.0,F,12,1278970.0,1.001787375778947
B250508004_n01_LICRNA03_G12,G12,95,LIC487,plant,c1_t08,2/11/24,0:00,LICCIRC_02,LICRNA_03,1583231.0,712078.0,280076.0,334284.0,51736.0,G,12,4191023.0,0.3777671943103152
B250508004_n01_LICRNA03_H12,H12,96,LIC488,plant,c1_t08,2/11/24,0:00,LICCIRC_02,LICRNA_03,2282102.0,976218.0,402777.0,438610.0,66241.0,H,12,5444101.0,0.41918803490236495
B2449500127_n01_LICRNA04_A01,A01,1,LIC481,plant,c1_t08,2/11/24,0:00,LICCIRC_02,LICRNA_04,3019405.0,847131.0,461120.0,793275.0,102600.0,A,1,9886830.0,0.3053966741614855
B2449500127_n01_LICRNA04_B01,B01,2,LIC482,plant,c1_t08,2/11/24,0:00,LICCIRC_02,LICRNA_04,1072750.0,259722.0,160573.0,189652.0,25978.0,B,1,2255690.0,0.47557510118854984
B2449500127_n01_LICRNA04_C01,C01,3,LIC483,plant,c1_t08,2/11/24,0:00,LICCIRC_02,LICRNA_04,940988.0,235974.0,106360.0,133514.0,20182.0,C,1,1639650.0,0.5738956484615619
B2449500127_n01_LICRNA04_D01,D01,4,LIC484,plant,c1_t08,2/11/24,0:00,LICCIRC_02,LICRNA_04,3392900.0,771303.0,465072.0,533462.0,78009.0,D,1,6495669.0,0.5223326496470186
B2449500127_n01_LICRNA04_E01,E01,5,LIC485,plant,c1_t08,2/11/24,0:00,LICCIRC_02,LICRNA_04,4400617.0,932789.0,697642.0,803663.0,111690.0,E,1,9470862.0,0.464647990858699
B2449500127_n01_LICRNA04_F01,F01,6,LIC486,plant,c1_t08,2/11/24,0:00,LICCIRC_02,LICRNA_04,1957244.0,413750.0,199434.0,228691.0,33274.0,F,1,2711281.0,0.7218890258885007
B2449500127_n01_LICRNA04_G01,G01,7,LIC487,plant,c1_t08,2/11/24,0:00,LICCIRC_02,LICRNA_04,2278525.0,641070.0,315615.0,393567.0,56578.0,G,1,4765351.0,0.478144212252151
B2449500127_n01_LICRNA04_H01,H01,8,LIC488,plant,c1_t08,2/11/24,0:00,LICCIRC_02,LICRNA_04,1173204.0,504350.0,211687.0,255142.0,37194.0,H,1,3093692.0,0.37922456404839266
B2449500127_n01_LICRNA04_A02,A02,9,LIC493,plant,c1_t09,2/11/24,4:00,LICCIRC_02,LICRNA_04,2396684.0,617134.0,283915.0,414655.0,55639.0,A,2,5297878.0,0.452385653274764
B2449500127_n01_LICRNA04_B02,B02,10,LIC494,plant,c1_t09,2/11/24,4:00,LICCIRC_02,LICRNA_04,1488351.0,402559.0,166857.0,242871.0,33195.0,B,2,2960052.0,0.5028124505920842
B2449500127_n01_LICRNA04_C02,C02,11,LIC495,plant,c1_t09,2/11/24,4:00,LICCIRC_02,LICRNA_04,1946353.0,487877.0,275118.0,314970.0,42578.0,C,2,3576868.0,0.544150077665712
B2449500127_n01_LICRNA04_D02,D02,12,LIC496,plant,c1_t09,2/11/24,4:00,LICCIRC_02,LICRNA_04,4215099.0,1177405.0,718962.0,773489.0,115501.0,D,2,9358698.0,0.4503937406677724
B2449500127_n01_LICRNA04_E02,E02,13,LIC497,plant,c1_t09,2/11/24,4:00,LICCIRC_02,LICRNA_04,3870097.0,988038.0,556169.0,602702.0,88673.0,E,2,7141539.0,0.5419135847329266
B2449500127_n01_LICRNA04_F02,F02,14,LIC498,plant,c1_t09,2/11/24,4:00,LICCIRC_02,LICRNA_04,2348499.0,558922.0,303728.0,378825.0,50322.0,F,2,4510875.0,0.5206304763488236
B2449500127_n01_LICRNA04_G02,G02,15,LIC499,plant,c1_t09,2/11/24,4:00,LICCIRC_02,LICRNA_04,2664390.0,798446.0,416242.0,458368.0,72471.0,G,2,5490361.0,0.4852850295272023
B2449500127_n01_LICRNA04_H02,H02,16,LIC500,plant,c1_t09,2/11/24,4:00,LICCIRC_02,LICRNA_04,355343.0,127718.0,49045.0,58249.0,9366.0,H,2,729335.0,0.4872150657791001
B2449500127_n01_LICRNA04_A03,A03,17,LIC505,plant,c1_t10,2/11/24,8:00,LICCIRC_02,LICRNA_04,837569.0,167831.0,76794.0,114197.0,14810.0,A,3,1425784.0,0.5874445217508403
B2449500127_n01_LICRNA04_B03,B03,18,LIC506,plant,c1_t10,2/11/24,8:00,LICCIRC_02,LICRNA_04,1240504.0,170725.0,104261.0,115346.0,15872.0,B,3,1359812.0,0.9122614008407044
B2449500127_n01_LICRNA04_C03,C03,19,LIC507,plant,c1_t10,2/11/24,8:00,LICCIRC_02,LICRNA_04,3002725.0,431799.0,240782.0,344579.0,48328.0,C,3,4164465.0,0.7210349948913005
B2449500127_n01_LICRNA04_D03,D03,20,LIC508,plant,c1_t10,2/11/24,8:00,LICCIRC_02,LICRNA_04,4187858.0,598331.0,438722.0,536688.0,74081.0,D,3,6210073.0,0.674365341599044
B2449500127_n01_LICRNA04_E03,E03,21,LIC509,plant,c1_t10,2/11/24,8:00,LICCIRC_02,LICRNA_04,8005308.0,1031434.0,685861.0,772170.0,113031.0,E,3,8955063.0,0.8939421196701799
B2449500127_n01_LICRNA04_F03,F03,22,LIC510,plant,c1_t10,2/11/24,8:00,LICCIRC_02,LICRNA_04,3310935.0,497118.0,322384.0,418190.0,53662.0,F,3,4685554.0,0.7066261534922018
B2449500127_n01_LICRNA04_G03,G03,23,LIC511,plant,c1_t10,2/11/24,8:00,LICCIRC_02,LICRNA_04,7384176.0,978870.0,813685.0,879936.0,118173.0,G,3,10109731.0,0.7304028168504186
B2449500127_n01_LICRNA04_H03,H03,24,LIC512,plant,c1_t10,2/11/24,8:00,LICCIRC_02,LICRNA_04,3278784.0,543333.0,350781.0,449631.0,60307.0,H,3,5249242.0,0.6246204690124784
B2449500127_n01_LICRNA04_A04,A04,25,LIC517,plant,c1_t11,2/11/24,12:00,LICCIRC_02,LICRNA_04,159792.0,21682.0,8808.0,13660.0,1605.0,A,4,176812.0,0.9037395651878831
B2449500127_n01_LICRNA04_B04,B04,26,LIC518,plant,c1_t11,2/11/24,12:00,LICCIRC_02,LICRNA_04,3812577.0,558587.0,256393.0,316348.0,43728.0,B,4,3808108.0,1.0011735486493556
B2449500127_n01_LICRNA04_C04,C04,27,LIC519,plant,c1_t11,2/11/24,12:00,LICCIRC_02,LICRNA_04,5947699.0,858332.0,500220.0,638836.0,83749.0,C,4,7590317.0,0.7835903296265492
B2449500127_n01_LICRNA04_D04,D04,28,LIC520,plant,c1_t11,2/11/24,12:00,LICCIRC_02,LICRNA_04,2559219.0,521084.0,339934.0,383413.0,55569.0,D,4,4575302.0,0.5593552075906684
B2449500127_n01_LICRNA04_E04,E04,29,LIC521,plant,c1_t11,2/11/24,12:00,LICCIRC_02,LICRNA_04,6388549.0,892281.0,685908.0,725343.0,99211.0,E,4,8468436.0,0.7543953806818638
B2449500127_n01_LICRNA04_F04,F04,30,LIC522,plant,c1_t11,2/11/24,12:00,LICCIRC_02,LICRNA_04,3289280.0,523685.0,338648.0,377108.0,52334.0,F,4,4446009.0,0.7398275622024157
B2449500127_n01_LICRNA04_G04,G04,31,LIC523,plant,c1_t11,2/11/24,12:00,LICCIRC_02,LICRNA_04,2511477.0,407248.0,265941.0,293709.0,40579.0,G,4,3501396.0,0.717278765383864
B2449500127_n01_LICRNA04_H04,H04,32,LIC524,plant,c1_t11,2/11/24,12:00,LICCIRC_02,LICRNA_04,4057563.0,770089.0,447577.0,513182.0,75444.0,H,4,6173749.0,0.6572283712862315
B2449500127_n01_LICRNA04_A05,A05,33,LIC529,plant,c1_t12,2/11/24,16:00,LICCIRC_02,LICRNA_04,2772501.0,979362.0,464093.0,794544.0,100828.0,A,5,10408148.0,0.26637793774646557
B2449500127_n01_LICRNA04_B05,B05,34,LIC530,plant,c1_t12,2/11/24,16:00,LICCIRC_02,LICRNA_04,2340118.0,806635.0,360097.0,470889.0,65034.0,B,5,5916911.0,0.39549656907126035
B2449500127_n01_LICRNA04_C05,C05,35,LIC531,plant,c1_t12,2/11/24,16:00,LICCIRC_02,LICRNA_04,2516593.0,548254.0,288323.0,383315.0,51146.0,C,5,4645125.0,0.5417707811953392
B2449500127_n01_LICRNA04_D05,D05,36,LIC532,plant,c1_t12,2/11/24,16:00,LICCIRC_02,LICRNA_04,2076100.0,674406.0,349159.0,528829.0,69174.0,D,5,6833966.0,0.30379138555854684
B2449500127_n01_LICRNA04_E05,E05,37,LIC533,plant,c1_t12,2/11/24,16:00,LICCIRC_02,LICRNA_04,1109751.0,581176.0,276225.0,365379.0,56299.0,E,5,4927195.0,0.22522977069103212
B2449500127_n01_LICRNA04_F05,F05,38,LIC534,plant,c1_t12,2/11/24,16:00,LICCIRC_02,LICRNA_04,3521361.0,721493.0,451614.0,580715.0,83323.0,F,5,7430792.0,0.4738877094124018
B2449500127_n01_LICRNA04_G05,G05,39,LIC535,plant,c1_t12,2/11/24,16:00,LICCIRC_02,LICRNA_04,1326480.0,430355.0,201940.0,346600.0,42948.0,G,5,4334287.0,0.30604341613741776
B2449500127_n01_LICRNA04_H05,H05,40,LIC536,plant,c1_t12,2/11/24,16:00,LICCIRC_02,LICRNA_04,1905788.0,578595.0,292285.0,440912.0,57899.0,H,5,5674241.0,0.3358665943163147
B2449500127_n01_LICRNA04_A06,A06,41,LIC541,plant,c1_t13,2/11/24,20:00,LICCIRC_02,LICRNA_04,311210.0,45073.0,12073.0,22426.0,3006.0,A,6,276662.0,1.1248743954717308
B2449500127_n01_LICRNA04_B06,B06,42,LIC542,plant,c1_t13,2/11/24,20:00,LICCIRC_02,LICRNA_04,744125.0,244748.0,92175.0,136120.0,18687.0,B,6,1825947.0,0.40752825793957875
B2449500127_n01_LICRNA04_C06,C06,43,LIC543,plant,c1_t13,2/11/24,20:00,LICCIRC_02,LICRNA_04,1429903.0,390383.0,207312.0,303896.0,39813.0,C,6,3802499.0,0.37604296542878773
B2449500127_n01_LICRNA04_D06,D06,44,LIC544,plant,c1_t13,2/11/24,20:00,LICCIRC_02,LICRNA_04,1368939.0,351395.0,139401.0,226979.0,30597.0,D,6,2885051.0,0.4744938650997851
B2449500127_n01_LICRNA04_E06,E06,45,LIC545,plant,c1_t13,2/11/24,20:00,LICCIRC_02,LICRNA_04,2970240.0,611645.0,317492.0,484324.0,64674.0,E,6,5995498.0,0.49541172393018895
B2449500127_n01_LICRNA04_F06,F06,46,LIC546,plant,c1_t13,2/11/24,20:00,LICCIRC_02,LICRNA_04,1373071.0,333503.0,172269.0,272196.0,38839.0,F,6,3506956.0,0.3915278663319414
B2449500127_n01_LICRNA04_G06,G06,47,LIC547,plant,c1_t13,2/11/24,20:00,LICCIRC_02,LICRNA_04,2196397.0,671278.0,361115.0,525267.0,68556.0,G,6,6906384.0,0.3180241643094273
B2449500127_n01_LICRNA04_H06,H06,48,LIC548,plant,c1_t13,2/11/24,20:00,LICCIRC_02,LICRNA_04,1980460.0,646981.0,329598.0,542799.0,80999.0,H,6,7248564.0,0.27322101315515734
B2449500127_n01_LICRNA04_A07,A07,49,LIC577,plant,c2_t01,3/1/24,20:00,LICCIRC_03,LICRNA_04,15115790.0,602181.0,3109.0,4502.0,3007.0,A,7,369572.0,40.90079876181096
B2449500127_n01_LICRNA04_B07,B07,50,LIC578,plant,c2_t01,3/1/24,20:00,LICCIRC_03,LICRNA_04,1243371.0,278343.0,155543.0,184715.0,26774.0,B,7,2378242.0,0.5228109670924994
B2449500127_n01_LICRNA04_C07,C07,51,LIC579,plant,c2_t01,3/1/24,20:00,LICCIRC_03,LICRNA_04,2284290.0,320964.0,248631.0,277579.0,38414.0,C,7,3407278.0,0.6704149177143749
B2449500127_n01_LICRNA04_D07,D07,52,LIC580,plant,c2_t01,3/1/24,20:00,LICCIRC_03,LICRNA_04,3481386.0,632874.0,373544.0,451382.0,64021.0,D,7,5716593.0,0.6089966523766867
B2449500127_n01_LICRNA04_E07,E07,53,LIC581,plant,c2_t01,3/1/24,20:00,LICCIRC_03,LICRNA_04,1815897.0,409579.0,275114.0,313115.0,41304.0,E,7,3997560.0,0.45425134331942485
B2449500127_n01_LICRNA04_F07,F07,54,LIC582,plant,c2_t01,3/1/24,20:00,LICCIRC_03,LICRNA_04,2479054.0,522600.0,242658.0,387883.0,52847.0,F,7,4957774.0,0.5000336844721038
B2449500127_n01_LICRNA04_G07,G07,55,LIC583,plant,c2_t01,3/1/24,20:00,LICCIRC_03,LICRNA_04,1332982.0,298538.0,182244.0,236779.0,31888.0,G,7,2963086.0,0.4498627444495367
B2449500127_n01_LICRNA04_H07,H07,56,LIC584,plant,c2_t01,3/1/24,20:00,LICCIRC_03,LICRNA_04,2104988.0,577096.0,313622.0,400968.0,60740.0,H,7,5214880.0,0.4036503236891357
B2449500127_n01_LICRNA04_A08,A08,57,LIC589,plant,c2_t02,3/2/24,0:00,LICCIRC_03,LICRNA_04,4920269.0,841234.0,469604.0,780655.0,112493.0,A,8,9951912.0,0.49440439183947765
B2449500127_n01_LICRNA04_B08,B08,58,LIC590,plant,c2_t02,3/2/24,0:00,LICCIRC_03,LICRNA_04,9024796.0,2198801.0,1128518.0,1468277.0,204156.0,B,8,18970159.0,0.4757364448025976
B2449500127_n01_LICRNA04_C08,C08,59,LIC591,plant,c2_t02,3/2/24,0:00,LICCIRC_03,LICRNA_04,4126481.0,751221.0,419102.0,504606.0,75922.0,C,8,6258331.0,0.6593580620775731
B2449500127_n01_LICRNA04_D08,D08,60,LIC592,plant,c2_t02,3/2/24,0:00,LICCIRC_03,LICRNA_04,3333803.0,724283.0,519201.0,606066.0,91502.0,D,8,7491771.0,0.4449953155268627
B2449500127_n01_LICRNA04_E08,E08,61,LIC593,plant,c2_t02,3/2/24,0:00,LICCIRC_03,LICRNA_04,3974490.0,603347.0,329327.0,448755.0,65672.0,E,8,5583421.0,0.7118377783083167
B2449500127_n01_LICRNA04_F08,F08,62,LIC594,plant,c2_t02,3/2/24,0:00,LICCIRC_03,LICRNA_04,2741818.0,410845.0,334316.0,339175.0,52020.0,F,8,4274363.0,0.6414565164446726
B2449500127_n01_LICRNA04_G08,G08,63,LIC595,plant,c2_t02,3/2/24,0:00,LICCIRC_03,LICRNA_04,2350312.0,693002.0,405999.0,464941.0,71639.0,G,8,5945662.0,0.3952986227605942
B2449500127_n01_LICRNA04_H08,H08,64,LIC596,plant,c2_t02,3/2/24,0:00,LICCIRC_03,LICRNA_04,1798879.0,381963.0,265920.0,349974.0,47224.0,H,8,4334680.0,0.41499695479251064
B2449500127_n01_LICRNA04_A09,A09,65,LIC601,plant,c2_t03,3/2/24,4:00,LICCIRC_03,LICRNA_04,3994491.0,1020024.0,488261.0,743529.0,95733.0,A,9,9404152.0,0.4247582344479332
B2449500127_n01_LICRNA04_B09,B09,66,LIC602,plant,c2_t03,3/2/24,4:00,LICCIRC_03,LICRNA_04,1346056.0,363381.0,137854.0,210441.0,29262.0,B,9,2683552.0,0.5015949010863214
B2449500127_n01_LICRNA04_C09,C09,67,LIC603,plant,c2_t03,3/2/24,4:00,LICCIRC_03,LICRNA_04,3504922.0,990799.0,539908.0,631569.0,84049.0,C,9,7851084.0,0.4464252324901886
B2449500127_n01_LICRNA04_D09,D09,68,LIC604,plant,c2_t03,3/2/24,4:00,LICCIRC_03,LICRNA_04,1904438.0,559033.0,282031.0,360684.0,54907.0,D,9,4589175.0,0.4149848284277675
B2449500127_n01_LICRNA04_E09,E09,69,LIC605,plant,c2_t03,3/2/24,4:00,LICCIRC_03,LICRNA_04,2394251.0,752551.0,390916.0,554484.0,75404.0,E,9,7015026.0,0.3413032253907541
B2449500127_n01_LICRNA04_F09,F09,70,LIC606,plant,c2_t03,3/2/24,4:00,LICCIRC_03,LICRNA_04,2288417.0,611805.0,275841.0,375618.0,55146.0,F,9,4874910.0,0.46942753814942223
B2449500127_n01_LICRNA04_G09,G09,71,LIC607,plant,c2_t03,3/2/24,4:00,LICCIRC_03,LICRNA_04,3171103.0,773964.0,364034.0,566865.0,84656.0,G,9,7332168.0,0.43249186325245137
B2449500127_n01_LICRNA04_H09,H09,72,LIC608,plant,c2_t03,3/2/24,4:00,LICCIRC_03,LICRNA_04,1063896.0,385486.0,174917.0,212215.0,30335.0,H,9,2678449.0,0.39720599496200976
B2449500127_n01_LICRNA04_A10,A10,73,LIC613,plant,c2_t04,3/2/24,8:00,LICCIRC_03,LICRNA_04,911373.0,500210.0,196164.0,276973.0,36669.0,A,10,3641244.0,0.2502916585650399
B2449500127_n01_LICRNA04_B10,B10,74,LIC614,plant,c2_t04,3/2/24,8:00,LICCIRC_03,LICRNA_04,1042673.0,491224.0,239362.0,351024.0,49471.0,B,10,4526116.0,0.23036815671538247
B2449500127_n01_LICRNA04_C10,C10,75,LIC615,plant,c2_t04,3/2/24,8:00,LICCIRC_03,LICRNA_04,3362733.0,874506.0,591104.0,714030.0,101900.0,C,10,8596421.0,0.3911782589521849
B2449500127_n01_LICRNA04_D10,D10,76,LIC616,plant,c2_t04,3/2/24,8:00,LICCIRC_03,LICRNA_04,1814939.0,522470.0,271244.0,324479.0,49386.0,D,10,4047429.0,0.4484177486498219
B2449500127_n01_LICRNA04_E10,E10,77,LIC617,plant,c2_t04,3/2/24,8:00,LICCIRC_03,LICRNA_04,2796771.0,721308.0,308987.0,515762.0,73236.0,E,10,6451515.0,0.43350608345481645
B2449500127_n01_LICRNA04_F10,F10,78,LIC618,plant,c2_t04,3/2/24,8:00,LICCIRC_03,LICRNA_04,1447741.0,338034.0,176272.0,192430.0,29762.0,F,10,2317273.0,0.6247606561678317
B2449500127_n01_LICRNA04_G10,G10,79,LIC619,plant,c2_t04,3/2/24,8:00,LICCIRC_03,LICRNA_04,1733878.0,453183.0,220774.0,239693.0,38615.0,G,10,2983553.0,0.5811453659445635
B2449500127_n01_LICRNA04_H10,H10,80,LIC620,plant,c2_t04,3/2/24,8:00,LICCIRC_03,LICRNA_04,1876435.0,682526.0,301674.0,338062.0,51008.0,H,10,4124004.0,0.45500319592318533
B2449500127_n01_LICRNA04_A11,A11,81,LIC625,plant,c2_t05,3/2/24,12:00,LICCIRC_03,LICRNA_04,6519601.0,1665496.0,821938.0,1164443.0,163858.0,A,11,14541401.0,0.4483475147958577
B2449500127_n01_LICRNA04_B11,B11,82,LIC626,plant,c2_t05,3/2/24,12:00,LICCIRC_03,LICRNA_04,1604755.0,320562.0,194213.0,193837.0,28150.0,B,11,2324838.0,0.6902653002058639
B2449500127_n01_LICRNA04_C11,C11,83,LIC627,plant,c2_t05,3/2/24,12:00,LICCIRC_03,LICRNA_04,2704730.0,396843.0,337638.0,356801.0,52397.0,C,11,4191247.0,0.6453282280905898
B2449500127_n01_LICRNA04_D11,D11,84,LIC628,plant,c2_t05,3/2/24,12:00,LICCIRC_03,LICRNA_04,890088.0,251917.0,106741.0,145987.0,21557.0,D,11,1769248.0,0.5030883177485576
B2449500127_n01_LICRNA04_E11,E11,85,LIC629,plant,c2_t05,3/2/24,12:00,LICCIRC_03,LICRNA_04,2066545.0,361901.0,350034.0,317017.0,48704.0,E,11,3800237.0,0.5437937160235007
B2449500127_n01_LICRNA04_F11,F11,86,LIC630,plant,c2_t05,3/2/24,12:00,LICCIRC_03,LICRNA_04,595099.0,202066.0,118042.0,131971.0,19007.0,F,11,1582544.0,0.37603946556936174
B2449500127_n01_LICRNA04_G11,G11,87,LIC631,plant,c2_t05,3/2/24,12:00,LICCIRC_03,LICRNA_04,1531763.0,346130.0,275666.0,267626.0,40273.0,G,11,3121151.0,0.4907686299060827
B2449500127_n01_LICRNA04_H11,H11,88,LIC632,plant,c2_t05,3/2/24,12:00,LICCIRC_03,LICRNA_04,407181.0,284510.0,34749.0,79403.0,9453.0,H,11,965333.0,0.42180366774988526
B2449500127_n01_LICRNA04_A12,A12,89,LIC637,plant,c2_t06,3/2/24,16:00,LICCIRC_03,LICRNA_04,6115011.0,894061.0,886242.0,830883.0,112723.0,A,12,9482094.0,0.6449009048001423
B2449500127_n01_LICRNA04_B12,B12,90,LIC638,plant,c2_t06,3/2/24,16:00,LICCIRC_03,LICRNA_04,4887189.0,1119907.0,615881.0,665510.0,99630.0,B,12,8145686.0,0.5999726726515114
B2449500127_n01_LICRNA04_C12,C12,91,LIC639,plant,c2_t06,3/2/24,16:00,LICCIRC_03,LICRNA_04,3158060.0,532776.0,480617.0,473827.0,63180.0,C,12,5309439.0,0.5948010703202353
B2449500127_n01_LICRNA04_D12,D12,92,LIC640,plant,c2_t06,3/2/24,16:00,LICCIRC_03,LICRNA_04,3683779.0,669927.0,579120.0,634455.0,94073.0,D,12,7589546.0,0.4853754098071215
B2449500127_n01_LICRNA04_E12,E12,93,LIC641,plant,c2_t06,3/2/24,16:00,LICCIRC_03,LICRNA_04,1604732.0,307847.0,248710.0,254268.0,35462.0,E,12,2868917.0,0.5593511419117388
B2449500127_n01_LICRNA04_F12,F12,94,LIC642,plant,c2_t06,3/2/24,16:00,LICCIRC_03,LICRNA_04,2279211.0,470930.0,347737.0,313143.0,48361.0,F,12,3742922.0,0.6089389519738856
B2449500127_n01_LICRNA04_G12,G12,95,LIC643,plant,c2_t06,3/2/24,16:00,LICCIRC_03,LICRNA_04,3911417.0,679771.0,548059.0,571417.0,87280.0,G,12,6883938.0,0.5681946874013101
B2449500127_n01_LICRNA04_H12,H12,96,LIC644,plant,c2_t06,3/2/24,16:00,LICCIRC_03,LICRNA_04,1618361.0,337290.0,220151.0,203205.0,30147.0,H,12,2356757.0,0.6866898029792634
,A01,1,LIC673,plant,c2_t07,3/2/24,20:00,LICCIRC_04,LICRNA_05
,B01,2,LIC674,plant,c2_t07,3/2/24,20:00,LICCIRC_04,LICRNA_05
,C01,3,LIC675,plant,c2_t07,3/2/24,20:00,LICCIRC_04,LICRNA_05
,D01,4,LIC676,plant,c2_t07,3/2/24,20:00,LICCIRC_04,LICRNA_05
,E01,5,LIC677,plant,c2_t07,3/2/24,20:00,LICCIRC_04,LICRNA_05
,F01,6,LIC678,plant,c2_t07,3/2/24,20:00,LICCIRC_04,LICRNA_05
,G01,7,LIC679,plant,c2_t07,3/2/24,20:00,LICCIRC_04,LICRNA_05
,H01,8,LIC680,plant,c2_t07,3/2/24,20:00,LICCIRC_04,LICRNA_05
,A02,9,LIC685,plant,c2_t08,3/3/24,0:00,LICCIRC_04,LICRNA_05
,B02,10,LIC686,plant,c2_t08,3/3/24,0:00,LICCIRC_04,LICRNA_05
,C02,11,LIC687,plant,c2_t08,3/3/24,0:00,LICCIRC_04,LICRNA_05
,D02,12,LIC688,plant,c2_t08,3/3/24,0:00,LICCIRC_04,LICRNA_05
,E02,13,LIC689,plant,c2_t08,3/3/24,0:00,LICCIRC_04,LICRNA_05
,F02,14,LIC690,plant,c2_t08,3/3/24,0:00,LICCIRC_04,LICRNA_05
,G02,15,LIC691,plant,c2_t08,3/3/24,0:00,LICCIRC_04,LICRNA_05
,H02,16,LIC692,plant,c2_t08,3/3/24,0:00,LICCIRC_04,LICRNA_05
,A03,17,LIC697,plant,c2_t09,3/3/24,4:00,LICCIRC_04,LICRNA_05
,B03,18,LIC698,plant,c2_t09,3/3/24,4:00,LICCIRC_04,LICRNA_05
,C03,19,LIC699,plant,c2_t09,3/3/24,4:00,LICCIRC_04,LICRNA_05
,D03,20,LIC700,plant,c2_t09,3/3/24,4:00,LICCIRC_04,LICRNA_05
,E03,21,LIC701,plant,c2_t09,3/3/24,4:00,LICCIRC_04,LICRNA_05
,F03,22,LIC702,plant,c2_t09,3/3/24,4:00,LICCIRC_04,LICRNA_05
,G03,23,LIC703,plant,c2_t09,3/3/24,4:00,LICCIRC_04,LICRNA_05
,H03,24,LIC704,plant,c2_t09,3/3/24,4:00,LICCIRC_04,LICRNA_05
,A04,25,LIC709,plant,c2_t10,3/3/24,8:00,LICCIRC_04,LICRNA_05
,B04,26,LIC710,plant,c2_t10,3/3/24,8:00,LICCIRC_04,LICRNA_05
,C04,27,LIC711,plant,c2_t10,3/3/24,8:00,LICCIRC_04,LICRNA_05
,D04,28,LIC712,plant,c2_t10,3/3/24,8:00,LICCIRC_04,LICRNA_05
,E04,29,LIC713,plant,c2_t10,3/3/24,8:00,LICCIRC_04,LICRNA_05
,F04,30,LIC714,plant,c2_t10,3/3/24,8:00,LICCIRC_04,LICRNA_05
,G04,31,LIC715,plant,c2_t10,3/3/24,8:00,LICCIRC_04,LICRNA_05
,H04,32,LIC716,plant,c2_t10,3/3/24,8:00,LICCIRC_04,LICRNA_05
,A05,33,LIC721,plant,c2_t11,3/3/24,12:00,LICCIRC_04,LICRNA_05
,B05,34,LIC722,plant,c2_t11,3/3/24,12:00,LICCIRC_04,LICRNA_05
,C05,35,LIC723,plant,c2_t11,3/3/24,12:00,LICCIRC_04,LICRNA_05
,D05,36,LIC724,plant,c2_t11,3/3/24,12:00,LICCIRC_04,LICRNA_05
,E05,37,LIC725,plant,c2_t11,3/3/24,12:00,LICCIRC_04,LICRNA_05
,F05,38,LIC726,plant,c2_t11,3/3/24,12:00,LICCIRC_04,LICRNA_05
,G05,39,LIC727,plant,c2_t11,3/3/24,12:00,LICCIRC_04,LICRNA_05
,H05,40,LIC728,plant,c2_t11,3/3/24,12:00,LICCIRC_04,LICRNA_05
,A06,41,LIC733,plant,c2_t12,3/3/24,16:00,LICCIRC_04,LICRNA_05
,B06,42,LIC734,plant,c2_t12,3/3/24,16:00,LICCIRC_04,LICRNA_05
,C06,43,LIC735,plant,c2_t12,3/3/24,16:00,LICCIRC_04,LICRNA_05
,D06,44,LIC736,plant,c2_t12,3/3/24,16:00,LICCIRC_04,LICRNA_05
,E06,45,LIC737,plant,c2_t12,3/3/24,16:00,LICCIRC_04,LICRNA_05
,F06,46,LIC738,plant,c2_t12,3/3/24,16:00,LICCIRC_04,LICRNA_05
,G06,47,LIC739,plant,c2_t12,3/3/24,16:00,LICCIRC_04,LICRNA_05
,H06,48,LIC740,plant,c2_t12,3/3/24,16:00,LICCIRC_04,LICRNA_05
,A07,49,LIC745,plant,c2_t13,3/3/24,20:00,LICCIRC_04,LICRNA_05
,B07,50,LIC746,plant,c2_t13,3/3/24,20:00,LICCIRC_04,LICRNA_05
,C07,51,LIC747,plant,c2_t13,3/3/24,20:00,LICCIRC_04,LICRNA_05
,D07,52,LIC748,plant,c2_t13,3/3/24,20:00,LICCIRC_04,LICRNA_05
,E07,53,LIC749,plant,c2_t13,3/3/24,20:00,LICCIRC_04,LICRNA_05
,F07,54,LIC750,plant,c2_t13,3/3/24,20:00,LICCIRC_04,LICRNA_05
,G07,55,LIC751,plant,c2_t13,3/3/24,20:00,LICCIRC_04,LICRNA_05
,H07,56,LIC752,plant,c2_t13,3/3/24,20:00,LICCIRC_04,LICRNA_05